Rating ?/5,Number of Ratings,RAM,ROM/Storage,Back/Rare Camera,Front Camera,Battery,Processor,Price in INR
4.2,33561,2.0,32.0,8.0,5.0,5000.0,0,-1.1031757833392462
4.2,77128,4.0,64.0,50.0,8.0,5000.0,0,-0.6589669496043127
4.3,15175,4.0,64.0,8.0,5.0,5000.0,0,-1.1031757833392462
4.2,22621,4.0,64.0,50.0,5.0,5000.0,0,-1.036544458279006
4.1,13647,6.0,128.0,50.0,5.0,5000.0,0,-0.9032818081585261
4.2,40525,6.0,128.0,50.0,8.0,5000.0,0,-0.48128341611033937
4.2,7572,4.0,64.0,50.0,8.0,5000.0,0,-0.9254922498452728
4.1,11675,3.0,32.0,8.0,5.0,5000.0,0,-1.1031757833392462
4.2,21133,8.0,128.0,64.0,16.0,5000.0,0,-0.48128341611033937
4.1,7285,6.0,128.0,48.0,13.0,5000.0,0,-0.30359988261636606
4.2,21688,8.0,128.0,50.0,16.0,5000.0,0,-0.30359988261636606
4.2,3525,6.0,128.0,50.0,8.0,5000.0,0,-0.7478087163512994
4.3,7460,8.0,256.0,108.0,16.0,5000.0,0,0.40713425135952735
4.1,2646,8.0,256.0,48.0,13.0,5000.0,0,-0.1259163491223927
4.2,54521,6.0,128.0,48.0,8.0,5000.0,0,-0.43686253273684605
4.2,40239,6.0,128.0,50.0,8.0,5000.0,0,-0.48128341611033937
4.2,85420,6.0,128.0,64.0,16.0,5000.0,0,-0.17033723249588603
4.3,7885,6.0,128.0,108.0,16.0,5000.0,0,0.229450717865554
4.2,2683,8.0,256.0,64.0,16.0,5000.0,0,0.9401848518414474
4.2,85420,6.0,64.0,64.0,16.0,5000.0,0,-0.2591789992428727
4.3,222992,4.0,64.0,13.0,5.0,5000.0,0,-0.9254922498452728
4.2,460,12.0,256.0,64.0,16.0,5000.0,0,1.2067101520824073
4.2,21576,8.0,128.0,64.0,16.0,5000.0,0,0.007346300998087317
4.3,48896,4.0,64.0,50.0,16.0,5000.0,0,-0.3924416493633527
4.3,145794,3.0,32.0,13.0,5.0,5000.0,0,-0.969913133218766
4.5,260015,6.0,64.0,64.0,20.0,4500.0,0,-0.1259163491223927
4.2,56081,6.0,128.0,50.0,16.0,5000.0,0,-0.21475811586937937
4.3,173304,6.0,128.0,64.0,16.0,5000.0,0,-0.2591789992428727
4.5,60968,8.0,256.0,64.0,20.0,4500.0,0,0.14060895111856733
4.5,244650,6.0,64.0,12.0,20.0,4000.0,0,-0.5088243638019052
4.3,5304,8.0,128.0,64.0,20.0,4500.0,0,0.762501318347474
4.5,244650,6.0,128.0,12.0,20.0,4000.0,0,0.49597601810651404
4.3,173304,6.0,64.0,64.0,16.0,5000.0,0,-0.3924416493633527
4.3,260015,3.0,32.0,13.0,5.0,5000.0,0,-0.836650483098286
4.3,67498,4.0,64.0,13.0,8.0,5000.0,0,-0.6597665255050356
4.4,260015,6.0,64.0,48.0,16.0,5000.0,0,-0.1259163491223927
4.4,260015,6.0,128.0,48.0,16.0,5000.0,0,0.051767184371580656
4.5,260015,6.0,64.0,64.0,20.0,4500.0,0,-0.34882034189058225
4.3,3312,12.0,256.0,64.0,20.0,4500.0,0,1.828602519311314
4.3,137003,6.0,128.0,48.0,20.0,5160.0,0,0.40713425135952735
4.3,12889,6.0,128.0,64.0,20.0,4500.0,0,0.762501318347474
4.3,249602,4.0,64.0,48.0,16.0,5000.0,0,-0.21475811586937937
4.5,244650,6.0,64.0,12.0,20.0,4000.0,0,0.229450717865554
4.3,260015,6.0,128.0,48.0,8.0,6000.0,0,-0.3924416493633527
4.3,64087,4.0,64.0,48.0,8.0,5000.0,0,-0.30359988261636606
4.3,256360,6.0,64.0,64.0,20.0,6000.0,0,0.051767184371580656
4.3,4739,6.0,128.0,64.0,16.0,5065.0,0,1.2067101520824073
4.5,260015,6.0,128.0,64.0,20.0,4500.0,0,-0.03707458237540602
4.3,125650,4.0,64.0,48.0,8.0,6000.0,0,-0.6589669496043127
4.4,260015,6.0,64.0,13.0,8.0,5000.0,0,-0.570125182857326
4.3,67498,4.0,64.0,13.0,8.0,5000.0,0,-0.6589669496043127
4.3,125650,4.0,64.0,48.0,8.0,6000.0,0,-0.7478087163512994
4.3,260015,6.0,64.0,48.0,8.0,6000.0,0,-0.5709247587580489
4.3,260015,6.0,64.0,48.0,8.0,6000.0,0,-0.570125182857326
4.3,56643,8.0,128.0,48.0,20.0,5160.0,0,0.5848177848535007
4.4,260015,6.0,128.0,13.0,8.0,5000.0,0,-0.3924416493633527
4.3,256360,6.0,128.0,64.0,20.0,6000.0,0,0.14060895111856733
4.2,54521,6.0,128.0,48.0,8.0,5000.0,0,-0.1259163491223927
4.3,15055,8.0,256.0,64.0,16.0,5065.0,0,1.562077219070354
4.4,12742,8.0,128.0,64.0,8.0,5000.0,0,-0.48128341611033937
4.3,9101,6.0,64.0,64.0,8.0,5000.0,0,-0.6589669496043127
4.4,39053,4.0,64.0,64.0,8.0,5000.0,0,-0.7478087163512994
4.4,13111,4.0,128.0,50.0,5.0,5000.0,0,-0.7922295997247927
4.1,55030,3.0,32.0,8.0,5.0,5000.0,0,-1.1031757833392462
4.2,104291,2.0,32.0,8.0,5.0,5000.0,0,-1.1031757833392462
4.3,17768,8.0,128.0,108.0,16.0,5000.0,0,0.051767184371580656
4.3,24728,6.0,128.0,108.0,16.0,5000.0,0,-0.03707458237540602
4.3,10967,4.0,64.0,50.0,16.0,5000.0,0,-0.6145460662308194
4.3,4676,8.0,128.0,50.0,16.0,5000.0,0,-0.34802076598985937
4.4,4115,8.0,128.0,48.0,16.0,5000.0,0,-0.1259163491223927
4.2,127,3.0,32.0,8.0,0.0,5000.0,0,-1.096334967299728
4.2,127,3.0,32.0,8.0,5.0,5000.0,0,-1.0961572837662341
4.3,8557,6.0,128.0,50.0,8.0,5000.0,0,-0.21475811586937937
4.5,48258,4.0,64.0,50.0,8.0,5000.0,0,-0.3924416493633527
4.4,17460,4.0,64.0,50.0,16.0,5000.0,0,-0.570125182857326
4.3,11210,6.0,128.0,50.0,16.0,5000.0,0,-0.570125182857326
4.3,359,6.0,128.0,64.0,0.0,5000.0,0,-0.5345884761585313
4.4,51873,4.0,128.0,13.0,8.0,6000.0,0,-0.836650483098286
4.4,12742,8.0,128.0,64.0,8.0,5000.0,0,-0.34837613305684734
4.4,17460,4.0,64.0,50.0,16.0,5000.0,0,-0.6277834894761204
4.1,360,4.0,64.0,8.0,5.0,5000.0,0,-0.9743552215561154
4.5,91242,3.0,32.0,13.0,5.0,5000.0,0,-1.0587548999657528
4.4,189477,4.0,128.0,50.0,8.0,5000.0,0,-0.7744612463753954
4.4,189477,4.0,64.0,50.0,8.0,5000.0,0,-0.8633030131223821
4.5,123959,2.0,32.0,8.0,5.0,5000.0,0,-1.0870954235580415
4.3,359,6.0,128.0,64.0,0.0,5000.0,0,-0.5177085404766039
4.4,25430,3.0,32.0,50.0,5.0,5000.0,0,-0.9254922498452728
4.3,77321,6.0,128.0,48.0,16.0,5000.0,0,-0.6145460662308194
4.5,255896,4.0,64.0,13.0,5.0,5000.0,0,-0.969913133218766
4.4,51873,4.0,128.0,13.0,8.0,6000.0,0,-0.7931180173922626
4.4,69800,4.0,64.0,50.0,5.0,5000.0,0,-0.836650483098286
4.3,63130,4.0,64.0,8.0,5.0,5000.0,0,-0.9299343381826221
4.3,9393,8.0,128.0,50.0,16.0,5000.0,0,0.40713425135952735
4.4,13111,4.0,64.0,50.0,5.0,5000.0,0,-0.836650483098286
4.5,174284,4.0,64.0,50.0,16.0,5000.0,0,-0.703387832977806
4.5,48051,3.0,32.0,13.0,5.0,5000.0,0,-1.0098919282549101
4.4,65343,4.0,64.0,13.0,5.0,5000.0,0,-0.9477026915320194
4.3,28717,8.0,128.0,48.0,16.0,5000.0,0,-0.30359988261636606
4.3,210255,4.0,64.0,8.0,5.0,5000.0,0,-0.9254922498452728
4.4,16541,8.0,128.0,108.0,16.0,5000.0,0,0.5848177848535007
4.1,1238,4.0,64.0,50.0,8.0,5000.0,0,-0.6590557913710597
4.1,1238,4.0,64.0,50.0,0.0,5000.0,0,-0.7210673445604564
4.4,24462,6.0,128.0,108.0,16.0,5000.0,0,0.49597601810651404
4.1,1238,4.0,128.0,50.0,0.0,5000.0,0,-0.6607437849392525
4.4,6173,2.0,32.0,8.0,5.0,5000.0,0,-1.1031757833392462
4.4,260015,4.0,64.0,50.0,8.0,6000.0,0,-0.703387832977806
4.5,27119,6.0,128.0,50.0,16.0,5000.0,0,-0.43686253273684605
4.5,130575,4.0,128.0,50.0,16.0,5000.0,0,-0.5257042994838327
4.5,130575,4.0,64.0,50.0,16.0,5000.0,0,-0.6589669496043127
4.4,28393,6.0,128.0,48.0,16.0,5000.0,0,-0.3924416493633527
4.1,360,4.0,64.0,8.0,5.0,5000.0,0,-0.9763097404245491
4.4,51873,4.0,64.0,13.0,8.0,6000.0,0,-0.9254922498452728
4.4,12742,8.0,128.0,64.0,8.0,5000.0,0,-0.34802076598985937
4.4,106846,4.0,64.0,48.0,16.0,5000.0,0,-0.7922295997247927
4.3,16739,6.0,128.0,50.0,8.0,5000.0,0,-0.6856194796284087
4.3,63130,4.0,64.0,8.0,5.0,5000.0,0,-0.9333991670857545
4.3,11117,8.0,256.0,64.0,32.0,4200.0,0,-0.3924416493633527
4.4,236693,2.0,32.0,8.0,5.0,5000.0,0,-1.0587548999657528
4.2,2923,12.0,256.0,64.0,32.0,4200.0,0,-0.1259163491223927
4.4,1313,12.0,256.0,50.0,16.0,5000.0,0,0.762501318347474
4.3,77321,6.0,64.0,48.0,16.0,5000.0,0,-0.703387832977806
4.4,70506,6.0,128.0,50.0,16.0,5000.0,0,-0.1259163491223927
4.3,60355,6.0,64.0,48.0,16.0,5000.0,0,-0.570125182857326
4.3,11117,8.0,128.0,64.0,32.0,4200.0,0,-0.570125182857326
4.2,6505,4.0,64.0,8.0,5.0,5000.0,0,-0.969913133218766
4.4,96600,8.0,128.0,64.0,16.0,5000.0,0,-0.34802076598985937
4.3,4676,8.0,128.0,50.0,16.0,5000.0,0,-0.1259163491223927
4.4,32551,8.0,128.0,50.0,16.0,4500.0,0,0.051767184371580656
4.5,41495,4.0,64.0,48.0,16.0,5000.0,0,-0.5257042994838327
4.4,260015,4.0,128.0,50.0,8.0,6000.0,0,-0.703743200044794
4.4,32551,8.0,256.0,50.0,16.0,4500.0,0,0.229450717865554
4.4,260015,4.0,64.0,50.0,8.0,6000.0,0,-0.6153456421315423
4.3,62922,8.0,256.0,64.0,32.0,4300.0,0,0.49597601810651404
4.4,149133,4.0,64.0,13.0,5.0,5000.0,0,-0.7922295997247927
4.4,72333,3.0,32.0,13.0,5.0,5000.0,0,-0.8810713664717794
4.1,1238,4.0,64.0,50.0,8.0,5000.0,0,-0.7300403630019021
4.2,6505,4.0,64.0,8.0,5.0,5000.0,0,-0.8996392957218996
4.3,19257,6.0,128.0,64.0,16.0,5000.0,0,1.3843936855763808
4.3,178,4.0,128.0,48.0,0.0,5000.0,0,-0.2283509061816683
4.3,13087,8.0,256.0,64.0,16.0,5000.0,0,1.7397607525643275
4.5,47528,4.0,64.0,50.0,8.0,5000.0,0,-0.7478087163512994
4.3,13087,8.0,128.0,64.0,16.0,5000.0,0,1.562077219070354
4.4,85111,6.0,128.0,64.0,16.0,5000.0,0,-0.03707458237540602
4.2,381,6.0,128.0,48.0,0.0,5000.0,0,0.13980937521784445
4.5,47528,4.0,128.0,50.0,8.0,5000.0,0,-0.6589669496043127
4.2,111,8.0,128.0,48.0,0.0,5000.0,0,0.229450717865554
4.3,77567,4.0,128.0,48.0,16.0,5000.0,0,-0.2591789992428727
4.4,61201,6.0,64.0,64.0,16.0,4300.0,0,-0.1259163491223927
4.4,139101,4.0,64.0,50.0,8.0,5000.0,0,-0.7663766456014196
4.4,80202,4.0,64.0,13.0,13.0,4230.0,0,-0.7922295997247927
4.4,260015,3.0,32.0,13.0,13.0,4230.0,0,-0.969913133218766
4.4,1313,12.0,256.0,50.0,16.0,5000.0,0,1.2067101520824073
4.4,1313,12.0,256.0,50.0,16.0,5000.0,0,1.1445209153595166
4.4,65374,6.0,128.0,108.0,16.0,5000.0,0,-0.21475811586937937
4.3,178,4.0,64.0,48.0,0.0,5000.0,0,-0.1259163491223927
4.1,1238,4.0,128.0,50.0,0.0,5000.0,0,-0.5966888711146751
4.4,26968,8.0,128.0,108.0,16.0,5000.0,0,-0.1259163491223927
4.4,260015,3.0,32.0,13.0,5.0,6000.0,0,-0.7478087163512994
4.4,260015,2.0,32.0,8.0,5.0,5000.0,0,-1.0587548999657528
4.4,32192,6.0,128.0,50.0,16.0,4500.0,0,-0.1259163491223927
4.4,16541,8.0,256.0,108.0,16.0,5000.0,0,0.762501318347474
4.4,122545,6.0,128.0,64.0,16.0,5000.0,0,-0.43686253273684605
4.4,124493,4.0,128.0,64.0,16.0,5000.0,0,-0.5257042994838327
4.4,260015,4.0,128.0,50.0,8.0,6000.0,0,-0.6589669496043127
4.3,62922,8.0,128.0,64.0,32.0,4300.0,0,0.31829248461254067
4.4,47287,6.0,128.0,64.0,32.0,4300.0,0,0.14060895111856733
4.4,50931,6.0,128.0,48.0,16.0,5000.0,0,-0.3924416493633527
4.3,108,6.0,128.0,48.0,0.0,5000.0,0,-0.14803794904239237
4.3,15032,8.0,128.0,64.0,16.0,5000.0,0,0.14060895111856733
4.4,44548,4.0,64.0,13.0,8.0,6000.0,0,-0.836650483098286
4.4,44548,4.0,128.0,13.0,8.0,6000.0,0,-0.7478087163512994
4.4,70390,8.0,128.0,48.0,16.0,5000.0,0,-0.08149546574889935
4.3,131480,3.0,32.0,13.0,8.0,6000.0,0,-0.9254922498452728
4.4,139101,4.0,128.0,50.0,8.0,5000.0,0,-0.48128341611033937
4.4,86814,4.0,64.0,64.0,16.0,4300.0,0,-0.48128341611033937
4.3,77567,4.0,64.0,48.0,16.0,5000.0,0,-0.34802076598985937
4.4,130954,4.0,64.0,13.0,8.0,6000.0,0,-0.836650483098286
4.2,25145,4.0,64.0,13.0,5.0,5000.0,0,-0.969913133218766
4.3,151074,4.0,128.0,50.0,8.0,6000.0,0,-0.6589669496043127
4.3,151074,4.0,64.0,50.0,8.0,6000.0,0,-0.7478087163512994
4.2,15053,6.0,128.0,50.0,13.0,6000.0,0,-0.43766210863756894
4.2,10236,6.0,128.0,50.0,0.0,6000.0,0,-0.3132836351917876
4.3,192890,6.0,128.0,50.0,8.0,5000.0,0,-0.21475811586937937
4.2,6173,4.0,128.0,50.0,13.0,6000.0,0,-0.5265038753845556
4.2,2481,8.0,128.0,50.0,0.0,6000.0,0,-0.18410770634166895
4.2,2481,8.0,128.0,50.0,0.0,6000.0,0,-0.1937026171503435
4.1,2898,4.0,64.0,13.0,5.0,5000.0,0,-1.0059828905180426
4.1,2898,4.0,64.0,13.0,5.0,5000.0,0,-1.0155778013267172
4.2,43388,4.0,128.0,50.0,8.0,5000.0,0,-0.30359988261636606
4.2,2481,8.0,128.0,50.0,0.0,6000.0,0,-0.19734512958696998
4.2,784,6.0,128.0,50.0,0.0,6000.0,0,-0.6056618895561208
4.2,2481,8.0,128.0,50.0,0.0,6000.0,0,-0.1851738075426328
4.2,10236,6.0,128.0,50.0,0.0,6000.0,0,-0.34802076598985937
4.5,3234,8.0,128.0,50.0,10.0,4500.0,0,2.5385370773864846
4.1,2898,4.0,128.0,13.0,0.0,5000.0,0,-0.9263806675127426
4.0,434,8.0,128.0,108.0,0.0,5000.0,0,0.49553180927277907
4.2,10236,6.0,128.0,50.0,0.0,6000.0,0,-0.30679818621925753
4.1,2898,4.0,128.0,13.0,0.0,5000.0,0,-0.836650483098286
4.2,3489,4.0,64.0,50.0,0.0,6000.0,0,-0.7734839869411786
4.2,1185,8.0,128.0,12.0,0.0,4500.0,0,0.8234467703359069
4.2,3489,4.0,64.0,50.0,0.0,6000.0,0,-0.7604242472293715
4.2,1185,8.0,128.0,12.0,0.0,4500.0,0,0.8505435091937378
4.2,3489,4.0,64.0,50.0,0.0,6000.0,0,-0.750473969353709
4.0,1698,6.0,128.0,50.0,13.0,5000.0,0,-0.03707458237540602
4.2,784,6.0,128.0,50.0,0.0,6000.0,0,-0.6015751682857593
4.1,1133,4.0,64.0,50.0,13.0,5000.0,0,-0.2591789992428727
4.1,3592,2.0,32.0,8.0,0.0,5000.0,0,-1.1031757833392462
4.1,542,6.0,128.0,50.0,8.0,5000.0,0,0.229450717865554
4.3,4205,8.0,128.0,12.0,10.0,3300.0,0,2.5385370773864846
4.2,784,6.0,128.0,50.0,0.0,6000.0,0,-0.6082383007917833
4.1,1021,8.0,128.0,50.0,13.0,5000.0,0,0.14060895111856733
4.2,1185,8.0,128.0,12.0,0.0,4500.0,0,0.9393852759407245
4.2,715,8.0,256.0,48.0,13.0,5000.0,0,1.2067101520824073
4.2,715,8.0,128.0,48.0,13.0,5000.0,0,1.029026618588434
4.2,3489,4.0,64.0,50.0,0.0,6000.0,0,-0.7566040512592511
4.1,703,6.0,128.0,108.0,0.0,5000.0,0,0.43360909785012935
3.9,153,6.0,128.0,108.0,0.0,5000.0,0,0.45155513473302067
4.2,10236,6.0,128.0,50.0,0.0,6000.0,0,-0.3124840592910647
4.3,414,8.0,256.0,50.0,32.0,5000.0,0,1.9174442860583008
4.1,779,4.0,64.0,50.0,0.0,5000.0,0,-0.4990517694597367
4.2,995,6.0,128.0,50.0,8.0,5000.0,0,-0.17033723249588603
4.0,434,8.0,128.0,108.0,0.0,5000.0,0,0.5378204902443448
4.3,54879,8.0,128.0,12.0,32.0,4500.0,0,1.828602519311314
4.2,10236,6.0,128.0,50.0,0.0,6000.0,0,-0.2697511694857641
4.4,86,3.0,64.0,13.0,5.0,5000.0,0,-0.836650483098286
4.2,1228,6.0,128.0,50.0,0.0,5000.0,0,-0.37502866308094335
4.2,1228,6.0,128.0,50.0,0.0,5000.0,0,-0.39324122526407557
4.0,1008,8.0,128.0,12.0,32.0,4500.0,0,0.9313895169334957
4.1,86,4.0,64.0,50.0,5.0,5000.0,0,-0.6145460662308194
4.5,1645,8.0,256.0,50.0,12.0,3900.0,0,2.5385370773864846
4.3,567,8.0,128.0,50.0,8.0,5000.0,0,0.051767184371580656
4.0,86,4.0,128.0,50.0,5.0,5000.0,0,-0.570125182857326
4.2,4476,6.0,128.0,64.0,0.0,6000.0,0,-0.3124840592910647
4.3,104763,4.0,64.0,48.0,13.0,6000.0,0,-0.703387832977806
4.1,3592,2.0,32.0,8.0,5.0,5000.0,0,-1.0587548999657528
3.9,86,6.0,128.0,13.0,0.0,5000.0,0,-0.5257042994838327
4.2,1228,6.0,128.0,50.0,0.0,5000.0,0,-0.39279701643034065
4.3,720,12.0,256.0,108.0,12.0,5000.0,0,2.5385370773864846
4.2,447,6.0,128.0,50.0,8.0,5000.0,0,-0.2591789992428727
4.3,233,6.0,128.0,64.0,0.0,6000.0,0,-0.3231450713007031
4.2,430,4.0,64.0,64.0,0.0,6000.0,0,-0.5986433899831087
4.3,260015,4.0,64.0,48.0,8.0,6000.0,0,-0.7922295997247927
4.1,3940,6.0,128.0,48.0,13.0,5000.0,0,-0.2857426875002217
4.4,912,8.0,128.0,64.0,0.0,6000.0,0,0.13980937521784445
3.9,86,6.0,128.0,13.0,0.0,5000.0,0,-0.9652933613479228
4.3,68185,4.0,64.0,25.0,25.0,4000.0,0,-0.3124840592910647
4.3,414,8.0,128.0,50.0,32.0,5000.0,0,1.7397607525643275
4.1,6297,8.0,128.0,64.0,8.0,5000.0,0,0.31829248461254067
4.1,1044,8.0,128.0,48.0,13.0,5000.0,0,0.8513430850944607
4.2,1185,8.0,128.0,12.0,0.0,4500.0,0,0.849655091526268
4.3,2204,6.0,128.0,64.0,32.0,4500.0,0,0.5840182089527778
3.9,298,8.0,128.0,50.0,8.0,5000.0,0,0.40713425135952735
4.3,66768,6.0,128.0,48.0,13.0,6000.0,0,-0.5257042994838327
4.3,295,8.0,128.0,50.0,0.0,3700.0,0,2.5385370773864846
4.5,140,8.0,256.0,50.0,12.0,4700.0,0,2.5385370773864846
4.1,916,3.0,32.0,48.0,5.0,5000.0,0,-0.9965656632428621
4.1,916,3.0,32.0,48.0,5.0,5000.0,0,-0.8374500589990089
4.0,1008,8.0,128.0,12.0,0.0,4500.0,0,0.7624124765807271
4.2,1636,8.0,128.0,108.0,32.0,5000.0,0,1.5612776431696311
4.5,86,3.0,64.0,13.0,5.0,5000.0,0,-0.8498879063435871
4.1,3592,2.0,32.0,8.0,5.0,5000.0,0,-1.0620420453353911
4.1,3592,2.0,32.0,8.0,5.0,5000.0,0,-1.0329019458423796
4.0,1008,8.0,128.0,12.0,32.0,4500.0,0,2.5385370773864846
4.1,1922,6.0,128.0,48.0,13.0,5000.0,0,0.762501318347474
4.1,3592,2.0,32.0,8.0,5.0,5000.0,0,-1.0854074299898488
4.1,86,4.0,128.0,50.0,5.0,5000.0,0,-0.5257042994838327
4.2,1636,8.0,128.0,108.0,32.0,5000.0,0,2.0062860528052875
4.0,86,4.0,64.0,50.0,5.0,5000.0,0,-0.6589669496043127
4.1,859,4.0,64.0,50.0,8.0,5000.0,0,-0.43686253273684605
4.2,4476,6.0,128.0,64.0,0.0,6000.0,0,-0.03707458237540602
4.2,86,4.0,128.0,13.0,5.0,5000.0,0,-0.703387832977806
4.2,2659,8.0,128.0,64.0,0.0,4500.0,0,1.9174442860583008
4.1,1353,6.0,128.0,48.0,8.0,5000.0,0,-0.1259163491223927
4.2,1636,8.0,256.0,108.0,32.0,5000.0,0,1.822472437405772
4.0,1008,8.0,128.0,12.0,0.0,4500.0,0,0.8070110434877144
4.4,86,6.0,128.0,48.0,13.0,5000.0,0,1.029026618588434
4.2,1129,6.0,128.0,48.0,13.0,5000.0,0,-0.0858487123195017
4.1,859,4.0,128.0,50.0,8.0,5000.0,0,-0.3924416493633527
4.3,295,8.0,256.0,50.0,10.0,3700.0,0,2.5385370773864846
3.9,200,8.0,256.0,12.0,10.0,3700.0,0,2.5385370773864846
4.3,295,8.0,128.0,50.0,10.0,3700.0,0,2.5385370773864846
4.1,1558,8.0,256.0,64.0,32.0,5000.0,0,2.0951278195522742
4.4,30827,4.0,64.0,12.0,8.0,3080.0,0,2.5385370773864846
4.1,1044,8.0,128.0,48.0,13.0,5000.0,0,0.7621459512804861
4.3,295,8.0,256.0,50.0,0.0,3700.0,0,2.5385370773864846
4.1,1044,8.0,128.0,48.0,13.0,5000.0,0,0.7180804349739807
4.2,1467,8.0,128.0,48.0,13.0,5000.0,0,-0.12671592502311557
4.1,3940,6.0,128.0,48.0,13.0,5000.0,0,-0.22355345077733105
4.0,1817,3.0,32.0,13.0,5.0,5000.0,0,-0.9709792344197299
4.2,10468,6.0,64.0,48.0,13.0,5000.0,0,0.051678342604833664
4.3,260015,4.0,128.0,48.0,8.0,6000.0,0,-0.703387832977806
3.9,12974,2.0,32.0,8.0,0.0,3080.0,0,-1.1031757833392462
4.2,4546,3.0,32.0,13.0,5.0,5000.0,0,-0.8810713664717794
4.4,7289,8.0,128.0,64.0,32.0,4500.0,0,0.895763968467954
4.2,7806,6.0,128.0,48.0,0.0,6000.0,0,-0.6475952034606984
4.2,1467,8.0,128.0,48.0,0.0,5000.0,0,-0.03707458237540602
4.2,1129,6.0,128.0,48.0,13.0,5000.0,0,-0.21475811586937937
4.2,1300,3.0,32.0,13.0,5.0,5000.0,0,-0.9097672571310561
4.2,430,4.0,64.0,64.0,0.0,6000.0,0,-0.7130715855532276
4.1,193,4.0,64.0,48.0,5.0,5000.0,0,-0.703387832977806
4.2,23004,4.0,64.0,48.0,13.0,5000.0,0,-0.12600519088913967
4.0,1429,2.0,32.0,13.0,5.0,5000.0,0,-1.0350341482443073
4.1,2546,6.0,128.0,64.0,0.0,5000.0,0,0.49597601810651404
4.1,1558,8.0,128.0,64.0,32.0,5000.0,0,1.2511310354559007
4.3,7505,6.0,128.0,64.0,32.0,6000.0,0,-0.2510943984688969
4.2,1467,8.0,128.0,48.0,0.0,5000.0,0,0.051767184371580656
3.9,10124,2.0,32.0,8.0,5.0,3080.0,0,-1.1031757833392462
4.2,4594,4.0,64.0,13.0,5.0,5000.0,0,-0.703387832977806
4.3,31001,8.0,128.0,64.0,32.0,6000.0,0,0.5848177848535007
4.2,10712,3.0,32.0,13.0,8.0,5000.0,0,-0.7478087163512994
4.1,6949,2.0,32.0,8.0,0.0,3080.0,0,-0.9254922498452728
4.2,3351,2.0,32.0,8.0,5.0,3080.0,0,-1.1031757833392462
4.2,23004,4.0,64.0,48.0,13.0,5000.0,0,-0.48128341611033937
4.2,91,4.0,64.0,48.0,0.0,6000.0,0,-0.7041874088785289
4.3,1303,8.0,128.0,64.0,32.0,4500.0,0,1.1177795435686737
4.3,260015,3.0,32.0,13.0,8.0,3300.0,0,-0.729951521235155
4.0,1817,3.0,32.0,13.0,5.0,5000.0,0,-0.9877703283349104
4.3,2204,6.0,128.0,64.0,32.0,4500.0,0,0.9845168934481937
4.3,4323,4.0,128.0,48.0,16.0,6000.0,0,-0.30359988261636606
4.3,816,6.0,128.0,64.0,0.0,6000.0,0,-0.036985740608659036
4.0,1655,2.0,32.0,8.0,0.0,3080.0,0,-1.0542239698616565
4.2,1252,4.0,64.0,13.0,5.0,5000.0,0,-0.8196817056496116
4.2,4546,3.0,32.0,13.0,5.0,5000.0,0,-0.7922295997247927
4.3,1234,3.0,32.0,13.0,8.0,4000.0,0,-0.5789205177652778
3.9,8485,2.0,32.0,8.0,5.0,3080.0,0,-1.1031757833392462
4.2,10468,6.0,128.0,48.0,13.0,5000.0,0,-0.03707458237540602
4.4,6810,4.0,64.0,50.0,5.0,5000.0,0,-0.6145460662308194
4.5,5055,3.0,64.0,8.0,5.0,5000.0,0,-0.8810713664717794
4.3,879,8.0,128.0,50.0,8.0,5000.0,0,-0.2591789992428727
4.4,6810,4.0,64.0,50.0,5.0,5000.0,0,-0.6651858732766018
4.3,9921,8.0,128.0,108.0,32.0,4800.0,0,0.9401848518414474
4.4,940,8.0,128.0,13.0,0.0,5000.0,0,-0.05493177749155034
4.4,940,8.0,128.0,13.0,0.0,5000.0,0,-0.08158430751564634
4.5,5055,3.0,64.0,8.0,5.0,5000.0,0,-0.8525531593459967
4.4,4498,8.0,128.0,64.0,0.0,4500.0,0,0.14060895111856733
4.1,511,8.0,128.0,64.0,32.0,4500.0,0,0.202798187841458
4.3,37318,8.0,128.0,50.0,32.0,4500.0,0,0.9401848518414474
4.5,5055,3.0,64.0,8.0,5.0,5000.0,0,-0.8943976314838274
4.3,2203,3.0,32.0,13.0,5.0,4230.0,0,-0.6597665255050356
4.3,2203,3.0,32.0,13.0,5.0,4230.0,0,-0.8818709423725023
4.4,3001,4.0,64.0,13.0,8.0,5000.0,0,-0.48128341611033937
4.2,790,8.0,128.0,64.0,16.0,4500.0,0,0.4513774511995267
4.2,790,8.0,128.0,64.0,16.0,4500.0,0,0.5305354653710919
4.1,86,8.0,128.0,50.0,0.0,5000.0,0,-0.03796300004287589
4.4,110994,6.0,128.0,50.0,16.0,5000.0,0,-0.39324122526407557
4.2,796,4.0,64.0,50.0,8.0,5000.0,0,-0.34802076598985937
4.3,916,3.0,32.0,13.0,5.0,4230.0,0,-0.8818709423725023
4.4,3001,4.0,64.0,13.0,0.0,5000.0,0,-0.48163878317732733
4.1,511,8.0,128.0,64.0,32.0,4500.0,0,0.13181361621061563
4.2,796,4.0,128.0,50.0,8.0,5000.0,0,-0.30359988261636606
4.3,700,3.0,32.0,13.0,5.0,4230.0,0,-0.8374500589990089
4.3,469,6.0,128.0,13.0,8.0,5000.0,0,-0.25997857514359557
4.3,916,3.0,32.0,13.0,5.0,4230.0,0,-0.8454458180062377
4.4,11092,4.0,64.0,13.0,16.0,5000.0,0,-0.48208299201106225
4.4,11092,4.0,64.0,13.0,16.0,5000.0,0,-0.43686253273684605
4.1,86,8.0,128.0,50.0,8.0,5000.0,0,0.00299305442748497
4.3,22149,4.0,64.0,12.0,8.0,4230.0,0,-0.5711024422915429
4.3,4035,4.0,64.0,13.0,8.0,5000.0,0,-0.48208299201106225
4.3,210,8.0,256.0,50.0,32.0,4300.0,0,2.5385370773864846
4.3,28618,8.0,128.0,48.0,16.0,4015.0,0,0.050967608470857774
4.4,11594,6.0,128.0,48.0,16.0,5000.0,0,0.050967608470857774
4.3,4035,4.0,64.0,13.0,8.0,5000.0,0,-0.48128341611033937
4.3,1272,4.0,128.0,50.0,16.0,5000.0,0,-0.48128341611033937
4.5,82838,4.0,64.0,13.0,16.0,5000.0,0,-0.6597665255050356
4.4,29604,2.0,32.0,13.0,8.0,4230.0,0,-0.6597665255050356
4.3,5837,4.0,128.0,13.0,0.0,4230.0,0,-0.39324122526407557
4.3,28408,6.0,128.0,48.0,16.0,5000.0,0,-0.34882034189058225
4.4,4710,8.0,128.0,64.0,32.0,4025.0,0,1.2059105761816844
4.4,4710,8.0,256.0,64.0,32.0,4025.0,0,1.4724358764226446
4.2,796,4.0,64.0,50.0,0.0,5000.0,0,-0.34802076598985937
4.0,258,2.0,32.0,13.0,5.0,4230.0,0,-0.7486082922520223
4.3,5264,8.0,128.0,50.0,16.0,5000.0,0,-0.21555769177010226
4.3,700,3.0,32.0,13.0,5.0,4230.0,0,-0.8818709423725023
4.4,51589,3.0,32.0,13.0,8.0,5000.0,0,-0.7930291756255156
4.3,916,3.0,32.0,13.0,5.0,4230.0,0,-0.8374500589990089
4.0,258,2.0,32.0,13.0,5.0,4230.0,0,-0.8374500589990089
4.3,1253,6.0,128.0,48.0,8.0,5000.0,0,-0.036985740608659036
4.4,69762,8.0,128.0,48.0,8.0,5000.0,0,0.5848177848535007
4.4,51589,3.0,32.0,13.0,8.0,5000.0,0,-0.9174076490712969
4.5,2384,6.0,128.0,16.0,25.0,3400.0,0,0.7617017424467512
4.3,1887,6.0,128.0,48.0,8.0,5000.0,0,-0.13480052579709137
4.3,28618,8.0,128.0,48.0,16.0,4015.0,0,-0.03707458237540602
4.4,75515,3.0,32.0,13.0,5.0,4230.0,0,-0.8374500589990089
4.3,29964,6.0,128.0,12.0,8.0,4230.0,0,-0.6456406845922648
4.3,22149,4.0,64.0,12.0,8.0,4230.0,0,-0.5709247587580489
4.3,14189,2.0,32.0,8.0,5.0,4000.0,0,-1.0062494158182835
4.3,1253,6.0,128.0,48.0,8.0,5000.0,0,0.1389209575503746
4.3,53573,8.0,128.0,64.0,32.0,4300.0,0,0.9393852759407245
4.3,5837,4.0,128.0,13.0,0.0,4230.0,0,-0.7980043145633469
4.3,1081,8.0,128.0,50.0,16.0,5000.0,0,-0.1259163491223927
4.1,86,8.0,128.0,48.0,0.0,3765.0,0,1.8278029434105911
4.4,67861,4.0,64.0,13.0,5.0,4230.0,0,-0.7486082922520223
4.3,1272,4.0,64.0,50.0,16.0,5000.0,0,-0.5257042994838327
4.4,9706,8.0,128.0,64.0,32.0,4350.0,0,1.4724358764226446
4.2,1005,8.0,128.0,64.0,0.0,4500.0,0,0.5848177848535007
4.3,22149,4.0,64.0,12.0,8.0,4230.0,0,-0.7548272159243113
4.4,56140,6.0,128.0,13.0,16.0,5000.0,0,-0.48208299201106225
4.4,31683,8.0,128.0,48.0,16.0,4310.0,0,0.050967608470857774
4.3,259,4.0,64.0,13.0,16.0,3200.0,0,0.13980937521784445
4.3,1272,4.0,64.0,50.0,16.0,5000.0,0,-0.3924416493633527
4.5,152,8.0,128.0,12.0,16.0,5000.0,0,0.13980937521784445
4.4,68944,6.0,128.0,13.0,8.0,5000.0,0,-0.30439945851708894
4.2,7395,2.0,32.0,13.0,5.0,4230.0,0,-0.9707127091194889
4.2,7395,2.0,32.0,13.0,5.0,4230.0,0,-1.0151335924929823
4.3,14189,2.0,32.0,8.0,5.0,4000.0,0,-0.9618285324447903
4.2,553,8.0,128.0,12.0,25.0,3700.0,0,2.5385370773864846
4.4,5785,4.0,32.0,16.0,20.0,3200.0,0,0.050967608470857774
4.1,86,4.0,64.0,13.0,8.0,5000.0,0,-0.48217183377780926
4.4,3059,3.0,64.0,12.0,8.0,5000.0,0,-0.39324122526407557
4.4,1362,4.0,128.0,16.0,16.0,4020.0,0,-0.21555769177010226
4.3,45924,6.0,128.0,12.2,8.0,4410.0,0,1.1178683853354208
4.4,4581,8.0,128.0,50.0,10.8,4270.0,0,2.5385370773864846
4.0,1994,8.0,128.0,64.0,13.0,4300.0,0,2.183969586299261
4.4,2642,12.0,128.0,50.0,10.8,4926.0,0,2.5385370773864846
3.9,86,8.0,128.0,50.0,10.8,4270.0,0,2.5385370773864846
3.9,86,12.0,128.0,50.0,10.8,4926.0,0,2.5385370773864846
4.5,6445,4.0,64.0,12.2,0.0,3080.0,0,-0.17033723249588603
4.5,1457,4.0,128.0,12.2,8.0,3080.0,0,2.5385370773864846
4.4,9674,8.0,128.0,50.0,8.0,5000.0,0,-0.30359988261636606
4.4,40179,6.0,128.0,50.0,8.0,5000.0,0,-0.48128341611033937
4.5,22528,4.0,128.0,50.0,8.0,5000.0,0,-0.570125182857326
4.4,4264,8.0,128.0,64.0,16.0,4500.0,0,0.14060895111856733
4.5,22618,6.0,128.0,64.0,16.0,4500.0,0,-0.03707458237540602
4.3,6963,8.0,128.0,50.0,16.0,5000.0,0,-0.1259163491223927
4.4,61172,6.0,128.0,50.0,16.0,5000.0,0,-0.30359988261636606
4.5,106943,4.0,128.0,50.0,16.0,5000.0,0,-0.43686253273684605
4.4,13774,8.0,128.0,50.0,32.0,4600.0,0,1.2067101520824073
4.3,2702,4.0,128.0,13.0,5.0,5000.0,0,-0.570125182857326
4.3,2483,3.0,64.0,13.0,5.0,5000.0,0,-0.7922295997247927
4.4,3153,8.0,128.0,50.0,16.0,5000.0,0,-0.21475811586937937
4.3,2702,4.0,64.0,13.0,5.0,5000.0,0,-0.6589669496043127
4.3,2483,3.0,64.0,13.0,5.0,5000.0,0,-0.7478087163512994
4.3,4622,3.0,64.0,13.0,8.0,5000.0,0,-0.7283523694337093
4.3,1651,12.0,256.0,64.0,32.0,4500.0,0,1.1178683853354208
4.3,3359,12.0,256.0,64.0,32.0,4200.0,0,0.7816911399648232
4.3,2702,4.0,128.0,13.0,5.0,5000.0,0,-0.5817634543011813
4.3,7628,8.0,128.0,64.0,32.0,4500.0,0,0.5840182089527778
4.3,7628,8.0,128.0,64.0,32.0,4500.0,0,0.762501318347474
4.3,12835,8.0,128.0,50.0,16.0,5000.0,0,-0.13480052579709137
4.3,2702,4.0,128.0,13.0,5.0,5000.0,0,-0.5798089354327476
4.4,1897,12.0,256.0,50.0,32.0,4600.0,0,1.562077219070354
4.3,2483,3.0,32.0,13.0,5.0,5000.0,0,-0.7486971340187693
4.2,1100,8.0,128.0,50.0,16.0,5000.0,0,0.051767184371580656
4.4,26425,8.0,128.0,64.0,32.0,4200.0,0,0.8056784169865095
4.3,1794,3.0,32.0,13.0,5.0,4030.0,0,-0.837538900765756
4.3,86,4.0,128.0,50.0,16.0,5000.0,0,-0.1259163491223927
4.3,1326,8.0,128.0,64.0,16.0,4500.0,0,0.40713425135952735
4.4,19641,8.0,128.0,64.0,16.0,4700.0,0,0.49597601810651404
4.4,10127,8.0,128.0,64.0,16.0,4000.0,0,-0.15336845504721158
4.4,26425,8.0,128.0,64.0,32.0,4200.0,0,1.1169799676679508
4.3,2698,8.0,128.0,50.0,32.0,4050.0,0,0.050967608470857774
4.4,8984,6.0,128.0,64.0,16.0,4700.0,0,0.40713425135952735
4.3,12835,8.0,128.0,50.0,16.0,5000.0,0,-0.30359988261636606
4.3,109,12.0,256.0,50.0,32.0,4810.0,0,2.5385370773864846
4.3,1651,12.0,256.0,64.0,32.0,4500.0,0,0.8949643925672311
4.3,86,8.0,256.0,64.0,16.0,4500.0,0,0.5848177848535007
4.3,2304,4.0,64.0,13.0,8.0,5000.0,0,-0.12671592502311557
4.5,313,8.0,256.0,50.0,32.0,4810.0,0,2.5385370773864846
4.4,1727,4.0,128.0,50.0,8.0,5000.0,0,-0.34802076598985937
4.4,10127,8.0,128.0,64.0,16.0,4000.0,0,0.050967608470857774
4.5,881,12.0,256.0,50.0,32.0,4600.0,0,2.0951278195522742
4.3,1126,12.0,256.0,64.0,32.0,4830.0,0,1.0455511872033736
4.2,2440,8.0,128.0,50.0,32.0,4050.0,0,0.49517644220579116
4.4,426,8.0,128.0,50.0,16.0,5000.0,0,0.04999034903664092
4.3,1320,6.0,128.0,50.0,8.0,5000.0,0,0.050967608470857774
4.2,2440,8.0,128.0,50.0,32.0,4050.0,0,0.48709184143181533
4.3,1126,12.0,256.0,64.0,32.0,4830.0,0,1.2858681662539726
4.3,6743,8.0,128.0,64.0,32.0,4830.0,0,1.4732354523233675
4.4,426,8.0,128.0,50.0,16.0,5000.0,0,0.05087876670411079
4.3,340,3.0,64.0,13.0,0.0,5000.0,0,-0.6419981721556383
4.4,5070,8.0,256.0,50.0,32.0,4600.0,0,1.828602519311314
4.3,2304,4.0,64.0,13.0,8.0,5000.0,0,-0.48297140967853214
4.3,1326,8.0,128.0,64.0,16.0,4500.0,0,0.5403969014800073
4.4,5070,8.0,128.0,50.0,32.0,4600.0,0,1.6509189858173408
4.3,17455,8.0,128.0,64.0,32.0,4000.0,0,0.7617017424467512
4.4,220,12.0,256.0,50.0,32.0,4870.0,0,2.5385370773864846
4.3,1367,4.0,64.0,50.0,8.0,5000.0,0,-0.12671592502311557
4.3,17707,8.0,128.0,50.0,16.0,5000.0,0,0.050967608470857774
4.3,1367,4.0,128.0,50.0,8.0,5000.0,0,-0.3924416493633527
4.5,92258,4.0,64.0,50.0,8.0,5000.0,0,-0.21555769177010226
4.4,5319,6.0,128.0,50.0,8.0,5000.0,0,-0.3924416493633527
4.5,92258,4.0,128.0,50.0,8.0,5000.0,0,-0.570125182857326
4.4,10127,8.0,128.0,64.0,16.0,4000.0,0,0.229539559632301
4.2,1609,2.0,32.0,8.0,5.0,5000.0,0,-1.0143340165922594
4.3,4622,3.0,32.0,13.0,8.0,5000.0,0,-0.7922295997247927
4.3,3359,12.0,256.0,64.0,32.0,4200.0,0,1.3835941096756579
4.3,4622,3.0,64.0,13.0,8.0,5000.0,0,-0.6678511262790114
4.3,1794,3.0,32.0,13.0,5.0,4030.0,0,-0.8818709423725023
4.3,2698,8.0,128.0,50.0,32.0,4050.0,0,-0.2157353753035962
4.5,12846,4.0,128.0,48.0,0.0,4500.0,0,-0.3792042261180517
4.3,2531,6.0,64.0,13.0,8.0,5000.0,0,-0.4243358436255209
4.3,17455,8.0,256.0,64.0,32.0,4000.0,0,0.5848177848535007
4.4,175223,6.0,128.0,50.0,16.0,5000.0,0,-0.21555769177010226
4.3,67447,4.0,128.0,50.0,16.0,5000.0,0,-0.30439945851708894
4.3,2531,6.0,64.0,13.0,8.0,5000.0,0,-0.34882034189058225
4.4,1370,8.0,128.0,50.0,16.0,5000.0,0,0.2286511419648311
4.3,86,8.0,256.0,64.0,16.0,4500.0,0,0.5840182089527778
4.3,17455,8.0,256.0,64.0,32.0,4000.0,0,1.0282270426877111
4.3,1367,4.0,128.0,50.0,8.0,5000.0,0,-0.39324122526407557
4.3,4622,3.0,32.0,13.0,8.0,5000.0,0,-0.7486082922520223
4.3,542,3.0,32.0,8.0,5.0,5000.0,0,-0.570125182857326
4.2,1405,3.0,32.0,13.0,8.0,5000.0,0,-0.7041874088785289
4.3,1367,4.0,128.0,50.0,8.0,5000.0,0,-0.4022142437055212
4.2,1405,3.0,64.0,13.0,8.0,5000.0,0,-0.6856194796284087
4.3,6342,6.0,128.0,13.0,0.0,5000.0,0,-0.0378741582761289
4.3,6342,6.0,128.0,13.0,8.0,5000.0,0,-0.17033723249588603
4.3,4402,3.0,32.0,13.0,8.0,5000.0,0,-0.8810713664717794
4.3,6743,8.0,128.0,64.0,32.0,4830.0,0,0.8505435091937378
4.2,1405,3.0,32.0,13.0,8.0,5000.0,0,-0.7130715855532276
4.4,1077,12.0,256.0,48.0,32.0,4300.0,0,2.449695310639498
4.3,43082,2.0,32.0,13.0,5.0,4030.0,0,-0.8374500589990089
4.4,3957,8.0,128.0,48.0,32.0,4300.0,0,1.6509189858173408
4.4,3957,8.0,128.0,48.0,32.0,4300.0,0,1.6501194099166179
4.3,3848,8.0,128.0,108.0,32.0,4300.0,0,1.7389611766636046
4.2,1580,12.0,256.0,108.0,32.0,4300.0,0,2.183170010398538
4.4,970,12.0,256.0,50.0,32.0,4450.0,0,2.5385370773864846
4.4,1897,12.0,256.0,50.0,32.0,4600.0,0,1.8285136775445672
4.3,14939,4.0,64.0,13.0,8.0,5000.0,0,-0.17477932083323536
4.5,3791,8.0,256.0,50.0,32.0,4450.0,0,2.449695310639498
4.5,3791,8.0,128.0,50.0,32.0,4450.0,0,2.2720117771455244
3.9,86,8.0,256.0,64.0,16.0,4500.0,0,0.6728599756997645
4.5,92258,4.0,128.0,50.0,8.0,5000.0,0,-0.21475811586937937
4.3,14249,4.0,128.0,13.0,8.0,5000.0,0,-0.0378741582761289
4.4,10887,3.0,64.0,13.0,8.0,5000.0,0,-0.5257042994838327
4.5,17911,6.0,64.0,16.0,25.0,3315.0,0,0.49517644220579116
3.9,86,8.0,256.0,64.0,16.0,4500.0,0,0.629238668226994
4.5,3791,8.0,128.0,50.0,32.0,4450.0,0,2.183170010398538
4.5,3791,8.0,256.0,50.0,32.0,4450.0,0,2.5385370773864846
3.9,86,8.0,256.0,64.0,16.0,4500.0,0,0.735937630090125
4.4,44968,3.0,32.0,13.0,8.0,5000.0,0,-0.7486082922520223
4.4,745,12.0,256.0,50.0,0.0,4700.0,0,2.5385370773864846
3.9,86,8.0,128.0,64.0,32.0,4830.0,0,0.8505435091937378
3.9,86,8.0,128.0,64.0,0.0,4830.0,0,0.8505435091937378
4.5,841,8.0,128.0,50.0,32.0,4500.0,0,2.5385370773864846
4.5,260015,4.0,64.0,16.0,32.0,5000.0,0,-0.30439945851708894
4.4,44968,3.0,64.0,13.0,8.0,5000.0,0,-0.7478087163512994
4.3,1897,6.0,128.0,12.0,12.0,3200.0,0,1.5612776431696311
4.4,17528,4.0,64.0,16.0,24.0,3225.0,0,0.24917359008338505
3.9,86,8.0,128.0,50.0,0.0,4500.0,0,2.5385370773864846
4.4,26963,4.0,32.0,16.0,16.0,3260.0,0,0.050967608470857774
4.3,5648,3.0,32.0,13.0,16.0,3080.0,0,-0.39324122526407557
4.3,86,4.0,64.0,8.0,5.0,5000.0,0,-0.836650483098286
4.4,16017,3.0,32.0,13.0,8.0,4030.0,0,-0.7486082922520223
4.4,51306,3.0,32.0,13.0,5.0,3260.0,0,-0.48208299201106225
4.5,90513,4.0,64.0,16.0,24.0,3260.0,0,0.4063346754588045
4.5,8601,8.0,128.0,48.0,32.0,4500.0,0,0.7617017424467512
4.3,1946,4.0,64.0,13.0,0.0,5000.0,0,-0.30359988261636606
4.5,31254,6.0,128.0,48.0,32.0,3700.0,0,1.2059105761816844
4.4,13534,8.0,128.0,48.0,32.0,4500.0,0,1.0282270426877111
4.4,2742,8.0,128.0,50.0,16.0,5000.0,0,-0.12680476678986255
4.3,14939,4.0,128.0,13.0,8.0,5000.0,0,-0.5257042994838327
4.3,4402,3.0,32.0,13.0,0.0,5000.0,0,-0.8499767481103341
4.4,8666,6.0,128.0,48.0,16.0,5000.0,0,-0.30439945851708894
4.4,8666,6.0,128.0,48.0,16.0,5000.0,0,-0.27774692849299293
4.3,16283,3.0,32.0,13.0,8.0,5000.0,0,-0.8374500589990089
4.3,14939,4.0,64.0,13.0,8.0,5000.0,0,-0.43686253273684605
4.3,43082,2.0,32.0,13.0,5.0,4030.0,0,-1.0151335924929823
4.4,1077,12.0,256.0,48.0,32.0,4300.0,0,1.5266293541383065
4.4,10887,3.0,64.0,13.0,8.0,5000.0,0,-0.836650483098286
4.3,1912,3.0,64.0,13.0,8.0,5000.0,0,-0.7486082922520223
4.3,19513,8.0,128.0,64.0,16.0,5000.0,0,0.13980937521784445
4.5,92258,4.0,128.0,50.0,8.0,5000.0,0,-0.34837613305684734
4.3,8006,8.0,128.0,64.0,32.0,4000.0,0,0.49517644220579116
4.3,8006,8.0,128.0,64.0,32.0,4000.0,0,0.40713425135952735
4.5,357,12.0,256.0,50.0,32.0,4200.0,0,2.5385370773864846
4.4,5623,4.0,64.0,13.0,8.0,5000.0,0,-0.48208299201106225
3.9,86,8.0,128.0,64.0,0.0,4500.0,0,0.6728599756997645
4.3,10554,8.0,128.0,48.0,16.0,5000.0,0,-0.12671592502311557
4.3,10554,8.0,128.0,48.0,16.0,5000.0,0,-0.08229504164962223
4.3,3241,6.0,128.0,48.0,16.0,5000.0,0,-0.21555769177010226
4.4,69103,8.0,256.0,50.0,16.0,4500.0,0,1.1622892687089141
4.4,69103,8.0,256.0,50.0,16.0,4500.0,0,1.1178683853354208
4.4,69103,8.0,128.0,50.0,16.0,4500.0,0,0.9401848518414474
4.3,7163,12.0,256.0,50.0,16.0,4500.0,0,1.4732354523233675
4.2,3620,8.0,128.0,50.0,0.0,6000.0,0,-0.6066391489903376
4.2,3620,8.0,128.0,50.0,0.0,6000.0,0,-0.6441303745575659
4.2,6837,3.0,32.0,13.0,0.0,5000.0,0,-1.0329019458423796
4.1,26218,2.0,32.0,13.0,0.0,5000.0,0,-1.0875396323917765
4.1,134,4.0,64.0,8.0,0.0,6000.0,0,-0.7130715855532276
4.2,4034,6.0,128.0,64.0,20.0,5000.0,0,0.4063346754588045
4.2,6837,3.0,32.0,13.0,0.0,5000.0,0,-0.9965656632428621
4.2,6837,3.0,32.0,13.0,0.0,5000.0,0,-0.9884810624688863
4.2,6098,8.0,128.0,64.0,16.0,4250.0,0,-0.03707458237540602
4.2,12062,6.0,128.0,108.0,16.0,4500.0,0,0.40713425135952735
4.1,26218,2.0,32.0,13.0,0.0,5000.0,0,-1.0854074299898488
4.5,260015,4.0,64.0,12.0,20.0,4000.0,0,-0.30359988261636606
4.3,167942,2.0,32.0,8.0,5.0,3080.0,0,-1.1031757833392462
4.5,127672,6.0,64.0,12.0,20.0,4000.0,0,-0.1259163491223927
4.1,26218,2.0,32.0,13.0,0.0,5000.0,0,-1.0726142155782827
4.2,13149,6.0,128.0,64.0,16.0,4250.0,0,-0.03831836710986383
4.2,3241,8.0,128.0,50.0,0.0,5000.0,0,-0.019306229026008686
4.1,3657,8.0,128.0,64.0,20.0,5000.0,0,0.4957094928062731
4.2,2930,6.0,128.0,48.0,20.0,4520.0,0,0.3174929087118178
4.2,15294,6.0,128.0,48.0,32.0,4030.0,0,-0.25029482256817404
3.9,504,8.0,128.0,108.0,20.0,4520.0,0,1.3843936855763808
4.1,3657,8.0,128.0,64.0,20.0,5000.0,0,1.6509189858173408
4.1,216,12.0,256.0,50.0,0.0,4600.0,0,2.5385370773864846
4.0,630,8.0,128.0,108.0,0.0,5000.0,0,1.1622892687089141
4.2,21766,8.0,128.0,108.0,16.0,5160.0,0,0.6736595516004874
4.2,3576,6.0,128.0,64.0,20.0,4250.0,0,0.49517644220579116
3.9,504,8.0,128.0,108.0,20.0,4520.0,0,0.8335747317450634
4.1,196,6.0,128.0,13.0,0.0,5000.0,0,-0.6589669496043127
4.0,630,8.0,256.0,108.0,0.0,5000.0,0,1.4732354523233675
4.2,2433,8.0,128.0,48.0,20.0,4520.0,0,1.2059105761816844
4.2,2433,8.0,128.0,48.0,20.0,4520.0,0,1.3399728022028874
4.2,2433,8.0,128.0,48.0,20.0,4520.0,0,0.5840182089527778
4.2,2930,6.0,128.0,48.0,20.0,4520.0,0,0.49597601810651404
4.1,134,4.0,64.0,8.0,0.0,6000.0,0,-0.570125182857326
4.4,260015,4.0,64.0,48.0,13.0,4000.0,0,-0.48128341611033937
4.2,3688,8.0,128.0,108.0,20.0,5000.0,0,1.7264344875522795
4.4,27509,4.0,64.0,12.0,16.0,3080.0,0,-0.5167312810423871
4.4,161893,2.0,32.0,12.0,8.0,5000.0,0,-1.0143340165922594
4.2,1777,8.0,128.0,64.0,20.0,4250.0,0,0.6736595516004874
4.3,14942,3.0,32.0,13.0,5.0,5000.0,0,-0.8899555431464781
4.2,18404,3.0,32.0,13.0,8.0,5000.0,0,-0.9254922498452728
4.3,260015,2.0,32.0,12.0,5.0,4000.0,0,-1.1031757833392462
4.1,86,6.0,128.0,8.0,0.0,6000.0,0,-0.30359988261636606
4.4,210232,3.0,32.0,13.0,5.0,3120.0,0,-1.1031757833392462
4.5,51408,6.0,64.0,48.0,20.0,4000.0,0,0.31829248461254067
4.4,260015,3.0,32.0,12.0,5.0,3080.0,0,-0.9254922498452728
4.4,132463,3.0,32.0,12.0,13.0,4000.0,0,-0.570125182857326
4.3,38829,4.0,64.0,48.0,32.0,4030.0,0,-0.3924416493633527
4.3,57356,2.0,32.0,13.0,5.0,3080.0,0,-1.1031757833392462
4.2,6043,6.0,64.0,50.0,0.0,5000.0,0,-0.330252412640462
4.1,134,4.0,64.0,8.0,0.0,6000.0,0,-0.6145460662308194
4.2,6043,6.0,128.0,50.0,0.0,5000.0,0,-0.1259163491223927
4.2,6043,6.0,64.0,50.0,0.0,5000.0,0,-0.23288183628576464
4.2,13149,6.0,128.0,64.0,16.0,4250.0,0,0.229450717865554
4.2,38416,6.0,128.0,108.0,16.0,5160.0,0,0.49597601810651404
4.5,86,4.0,64.0,13.0,5.0,5000.0,0,-0.836650483098286
4.4,6775,3.0,32.0,12.0,8.0,4000.0,0,-0.9254922498452728
4.4,6775,3.0,32.0,12.0,8.0,4000.0,0,-0.9432606031946701
4.2,3576,6.0,128.0,64.0,20.0,4250.0,0,0.18502983449206067
4.3,539,4.0,64.0,48.0,0.0,5018.0,0,-0.5257042994838327
4.3,14374,2.0,32.0,12.0,0.0,4000.0,0,-1.0409865466163555
4.2,2756,8.0,128.0,108.0,0.0,5000.0,0,0.14060895111856733
4.2,3576,6.0,128.0,64.0,20.0,4250.0,0,0.2739604430057943
4.3,57356,2.0,32.0,13.0,0.0,3080.0,0,-1.1031757833392462
4.2,1777,8.0,128.0,64.0,20.0,4250.0,0,0.3006129730298903
4.3,84727,2.0,32.0,8.0,1.6,3080.0,0,-1.1031757833392462
4.4,260015,3.0,32.0,13.0,5.0,4100.0,0,-0.7789033347127448
4.3,21818,2.0,32.0,13.0,0.0,5000.0,0,-1.1031757833392462
4.2,1777,8.0,128.0,64.0,20.0,4250.0,0,0.3174929087118178
4.3,539,4.0,128.0,48.0,0.0,5020.0,0,-0.4990517694597367
4.4,260015,3.0,32.0,48.0,13.0,4000.0,0,-0.6589669496043127
4.3,14942,3.0,32.0,13.0,5.0,5000.0,0,-1.096068441999487
4.4,140849,3.0,32.0,12.0,8.0,5000.0,0,-0.9254922498452728
4.3,211167,2.0,32.0,13.0,5.0,4100.0,0,-1.1031757833392462
4.3,18759,3.0,32.0,16.0,5.0,4850.0,0,-0.3924416493633527
4.3,14942,3.0,32.0,13.0,5.0,5000.0,0,-1.077322829215873
3.9,86,3.0,32.0,13.0,0.0,5000.0,0,-0.8810713664717794
4.3,19285,3.0,32.0,16.0,4.0,3080.0,0,0.49597601810651404
3.9,504,8.0,256.0,108.0,0.0,4520.0,0,0.9393852759407245
4.2,80951,2.0,32.0,13.0,5.0,3080.0,0,-0.570125182857326
4.5,15363,8.0,256.0,48.0,20.0,4000.0,0,1.1178683853354208
4.2,6800,8.0,128.0,108.0,16.0,4500.0,0,0.8513430850944607
4.4,140849,3.0,32.0,12.0,8.0,5000.0,0,-1.0151335924929823
4.2,18404,3.0,64.0,13.0,8.0,5000.0,0,-0.836650483098286
4.4,27509,4.0,64.0,12.0,16.0,3080.0,0,-0.7478087163512994
4.4,260015,4.0,64.0,12.0,5.0,4000.0,0,-0.6589669496043127
4.2,1405,6.0,128.0,108.0,0.0,5000.0,0,-0.12671592502311557
4.2,80951,2.0,32.0,13.0,5.0,3120.0,0,-0.3924416493633527
4.2,34860,4.0,64.0,20.0,20.0,3080.0,0,-0.17033723249588603
4.3,3019,6.0,64.0,108.0,16.0,4820.0,0,0.40713425135952735
4.4,27509,4.0,64.0,12.0,16.0,3080.0,0,-0.5257042994838327
4.2,15294,6.0,128.0,48.0,32.0,4030.0,0,-0.17033723249588603
4.4,260015,3.0,64.0,12.0,5.0,3080.0,0,-0.7922295997247927
4.3,260015,3.0,32.0,13.0,5.0,4100.0,0,-0.9254922498452728
4.5,51408,6.0,128.0,48.0,20.0,4000.0,0,0.49597601810651404
4.2,246,8.0,256.0,50.0,0.0,4600.0,0,2.1751742513913093
4.2,246,8.0,256.0,50.0,0.0,4600.0,0,2.4399227162973296
4.2,246,8.0,256.0,50.0,0.0,4600.0,0,2.183170010398538
4.2,6043,6.0,64.0,50.0,0.0,5000.0,0,-0.03707458237540602
4.4,260015,3.0,32.0,12.0,5.0,4000.0,0,-0.7478087163512994
4.4,260015,4.0,64.0,13.0,5.0,4100.0,0,-0.5923356245440727
4.3,6041,6.0,128.0,12.0,5.0,3400.0,0,1.6509189858173408
3.9,504,8.0,128.0,108.0,20.0,4520.0,0,0.8246905550703647
4.1,337,8.0,256.0,108.0,20.0,4780.0,0,1.8278029434105911
4.2,3576,6.0,128.0,64.0,0.0,4250.0,0,0.49597601810651404
4.2,3576,6.0,128.0,64.0,20.0,4250.0,0,0.49597601810651404
4.5,260015,6.0,64.0,12.0,20.0,4000.0,0,-0.21475811586937937
4.2,1777,8.0,128.0,64.0,0.0,4250.0,0,0.31829248461254067
4.0,630,8.0,128.0,108.0,0.0,5000.0,0,2.0951278195522742
4.4,260015,4.0,64.0,12.0,5.0,3080.0,0,-0.4279783560621474
4.4,44298,4.0,64.0,12.0,5.0,5300.0,0,-0.3924416493633527
4.5,260015,6.0,64.0,48.0,13.0,4000.0,0,-0.6144572244640724
4.4,260015,4.0,64.0,12.0,8.0,5000.0,0,-0.7700191580380461
4.2,2756,8.0,128.0,108.0,0.0,5000.0,0,0.18067658792145833
4.2,6433,6.0,128.0,108.0,0.0,5000.0,0,0.09192366294121863
4.2,2756,8.0,128.0,108.0,0.0,5000.0,0,0.2286511419648311
3.9,5118,2.0,32.0,8.0,2.0,3080.0,0,-1.0143340165922594
3.9,5118,2.0,32.0,8.0,2.0,3080.0,0,-1.1031757833392462
4.3,86,3.0,32.0,13.0,0.0,5050.0,0,-0.9254922498452728
4.1,334,2.0,32.0,8.0,0.0,3080.0,0,-1.1031757833392462
4.5,86,2.0,64.0,8.0,0.0,4000.0,0,-1.1031757833392462
4.0,868,6.0,128.0,50.0,8.0,5050.0,0,-0.21475811586937937
4.0,5183,2.0,32.0,8.0,0.0,4000.0,0,-1.1031757833392462
4.3,212706,4.0,64.0,16.0,16.0,3080.0,0,-0.16136421405444037
4.1,1196,3.0,64.0,13.0,5.0,4500.0,0,-0.703387832977806
3.9,140,4.0,64.0,50.0,8.0,5000.0,0,-0.48128341611033937
3.9,185,2.0,32.0,8.0,0.0,3080.0,0,-1.1031757833392462
4.1,277,4.0,64.0,50.0,8.0,5050.0,0,-0.43686253273684605
3.9,171,3.0,32.0,8.0,5.0,4950.0,0,-0.836650483098286
4.1,1196,3.0,64.0,13.0,5.0,4500.0,0,-0.7228441798953962
3.9,3775,4.0,64.0,48.0,16.0,4000.0,0,-0.2325264692187767
3.9,86,4.0,64.0,13.0,0.0,5050.0,0,-0.8410925714356354
4.0,585,4.0,64.0,13.0,8.0,4000.0,0,-0.48128341611033937
3.9,228,4.0,64.0,13.0,5.0,6000.0,0,-0.7655770697006967
3.9,13820,2.0,32.0,8.0,2.0,3080.0,0,-1.1031757833392462
3.9,13820,2.0,32.0,8.0,0.0,3080.0,0,-1.1031757833392462
4.0,3190,2.0,32.0,13.0,5.0,3080.0,0,-0.9610289565440674
3.9,212,2.0,32.0,8.0,0.0,3080.0,0,-1.1031757833392462
4.0,202,4.0,64.0,13.0,8.0,5050.0,0,-0.703387832977806
3.9,136,4.0,64.0,13.0,5.0,5050.0,0,-0.7663766456014196
3.9,86,3.0,32.0,13.0,5.0,5050.0,0,-0.8099979530741901
4.0,202,4.0,64.0,13.0,8.0,5050.0,0,-0.8996392957218996
3.9,86,4.0,64.0,13.0,0.0,5050.0,0,-0.8543299946809364
3.9,86,3.0,64.0,8.0,0.0,4000.0,0,-1.0232181932669582
3.9,86,4.0,64.0,13.0,0.0,5050.0,0,-0.836650483098286
3.9,228,4.0,64.0,13.0,5.0,6000.0,0,-0.6589669496043127
4.3,176611,3.0,32.0,13.0,8.0,3080.0,0,-0.5523568295079287
3.9,136,4.0,64.0,13.0,5.0,5050.0,0,-0.570125182857326
3.9,293,4.0,64.0,48.0,0.0,5050.0,0,-0.570125182857326
3.9,86,3.0,32.0,13.0,5.0,6000.0,0,-0.970801550886236
4.1,18985,8.0,128.0,50.0,16.0,5000.0,0,-0.6589669496043127
3.9,4645,4.0,64.0,50.0,8.0,5000.0,0,-1.0143340165922594
4.0,25325,4.0,64.0,13.0,5.0,5000.0,0,-1.0587548999657528
3.9,20903,4.0,128.0,50.0,8.0,5000.0,0,-0.836650483098286
4.1,31993,6.0,128.0,50.0,16.0,5000.0,0,-0.34802076598985937
3.9,12722,8.0,128.0,50.0,16.0,5000.0,0,-0.21475811586937937
4.1,14896,8.0,128.0,50.0,16.0,5000.0,0,-0.2591789992428727
4.3,1421,8.0,256.0,50.0,32.0,4400.0,0,0.9401848518414474
4.2,82711,4.0,64.0,48.0,8.0,5000.0,0,-0.9254922498452728
4.1,6293,8.0,128.0,50.0,16.0,5000.0,0,0.18502983449206067
4.1,17253,6.0,128.0,50.0,13.0,5000.0,0,-0.570125182857326
3.9,275,4.0,64.0,16.0,8.0,5000.0,0,-0.9862600183002116
4.0,3091,2.0,64.0,13.0,5.0,5000.0,0,-1.1031757833392462
4.1,16478,6.0,128.0,108.0,16.0,5000.0,0,-0.21475811586937937
4.2,39803,6.0,128.0,50.0,16.0,5000.0,0,-0.48128341611033937
4.2,7176,4.0,64.0,50.0,16.0,5000.0,0,-0.48128341611033937
4.2,40241,4.0,64.0,50.0,16.0,5000.0,0,-0.7478087163512994
4.2,7176,4.0,64.0,50.0,16.0,5000.0,0,-0.7211561863272034
4.3,3550,8.0,128.0,50.0,32.0,4400.0,0,1.828602519311314
3.9,20903,4.0,64.0,50.0,8.0,5000.0,0,-0.8810713664717794
4.1,6102,8.0,128.0,50.0,32.0,4020.0,0,0.5848177848535007
3.9,33725,4.0,64.0,50.0,16.0,5000.0,0,-0.7478087163512994
4.2,559,12.0,256.0,108.0,32.0,4610.0,0,2.5385370773864846
4.2,136250,6.0,128.0,108.0,32.0,6000.0,0,-0.3924416493633527
4.2,40132,4.0,64.0,50.0,13.0,5000.0,0,-0.6589669496043127
4.2,7176,4.0,64.0,50.0,0.0,5000.0,0,-0.6606549431725055
3.9,275,4.0,64.0,16.0,8.0,5000.0,0,-0.836650483098286
4.2,23711,6.0,128.0,50.0,16.0,5000.0,0,-0.12609403265588667
4.1,11025,6.0,128.0,50.0,32.0,4020.0,0,0.49597601810651404
4.3,1379,8.0,128.0,108.0,32.0,4610.0,0,2.2728113530462473
4.1,17931,4.0,64.0,50.0,13.0,5000.0,0,-0.3924416493633527
3.9,33725,4.0,64.0,50.0,16.0,5000.0,0,-0.7389245396766008
4.2,260015,2.0,32.0,8.0,2.0,4000.0,0,-1.1031757833392462
4.2,136250,6.0,128.0,108.0,32.0,6000.0,0,-0.30359988261636606
4.2,57540,6.0,128.0,64.0,16.0,6000.0,0,-0.570125182857326
4.2,57540,6.0,128.0,64.0,16.0,6000.0,0,0.051767184371580656
4.3,11315,4.0,64.0,48.0,25.0,4000.0,0,-0.30359988261636606
4.1,9496,8.0,128.0,108.0,32.0,4000.0,0,1.3843936855763808
4.0,1986,8.0,128.0,50.0,32.0,4800.0,0,1.3843936855763808
4.2,16775,4.0,64.0,50.0,16.0,5000.0,0,-0.7255982746645527
4.2,8683,6.0,128.0,50.0,16.0,5000.0,0,0.051767184371580656
4.0,20231,6.0,128.0,108.0,32.0,5000.0,0,-0.03707458237540602
4.2,23711,6.0,128.0,50.0,16.0,5000.0,0,-0.21475811586937937
4.1,10429,2.0,32.0,13.0,5.0,5000.0,0,-1.1031757833392462
4.0,4077,8.0,128.0,108.0,32.0,4500.0,0,0.9401848518414474
4.1,12081,8.0,128.0,108.0,32.0,5000.0,0,0.14060895111856733
4.2,33301,4.0,64.0,64.0,16.0,6000.0,0,-0.7478087163512994
4.1,79189,4.0,64.0,13.0,8.0,3080.0,0,-1.0587548999657528
4.2,14883,6.0,128.0,48.0,16.0,5000.0,0,0.49597601810651404
4.2,61705,4.0,64.0,48.0,8.0,6000.0,0,-0.836650483098286
3.9,1603,4.0,64.0,16.0,8.0,5000.0,0,-0.836650483098286
4.4,69086,6.0,128.0,64.0,0.0,5000.0,0,-0.09135690185781488
4.4,69086,6.0,128.0,64.0,0.0,5000.0,0,-0.03707458237540602
4.3,8782,8.0,128.0,50.0,0.0,4500.0,0,0.7768048427937388
4.3,8782,8.0,128.0,50.0,0.0,4500.0,0,0.75583818584145
4.5,2193,12.0,256.0,50.0,0.0,5000.0,0,2.2719229353787775
4.5,2797,8.0,128.0,50.0,0.0,5000.0,0,1.8242492727407118
4.3,8782,8.0,128.0,50.0,0.0,4500.0,0,0.7617017424467512
4.3,8782,8.0,128.0,50.0,0.0,4500.0,0,0.7967942403118109
4.3,1688,8.0,128.0,50.0,0.0,5000.0,0,1.042352883600482
4.3,1688,8.0,128.0,50.0,0.0,5000.0,0,1.0390657382308435
4.5,2193,12.0,256.0,50.0,0.0,5000.0,0,2.263038758704079
4.3,1688,8.0,128.0,50.0,0.0,5000.0,0,1.048660649039518
4.5,2797,8.0,128.0,50.0,0.0,5000.0,0,1.82282780447276
4.2,139,12.0,256.0,50.0,0.0,5000.0,0,1.6501194099166179
3.9,86,12.0,256.0,48.0,32.0,4115.0,0,0.6728599756997645
3.9,86,8.0,128.0,48.0,32.0,4115.0,0,0.49517644220579116
3.9,86,6.0,64.0,48.0,32.0,4115.0,0,0.3174929087118178
4.5,460,12.0,256.0,50.0,0.0,5000.0,0,2.5385370773864846
4.4,183,8.0,128.0,50.0,0.0,5000.0,0,2.5385370773864846
4.2,1538,12.0,256.0,50.0,0.0,5000.0,0,1.6065869442105944
4.3,1688,8.0,128.0,50.0,0.0,5000.0,0,1.0531027373768673
4.5,125,8.0,128.0,16.0,0.0,3800.0,0,0.3174929087118178
4.5,86,6.0,128.0,16.0,16.0,3700.0,0,0.13980937521784445
4.2,1538,12.0,256.0,50.0,0.0,4500.0,0,1.562077219070354
4.3,2260,8.0,128.0,50.0,0.0,5000.0,0,1.1178683853354208
3.9,227,12.0,256.0,48.0,0.0,4500.0,0,2.5385370773864846
4.5,246,12.0,256.0,48.0,0.0,4300.0,0,2.5385370773864846
4.5,442,8.0,128.0,48.0,16.0,4300.0,0,1.3835941096756579
3.9,86,6.0,128.0,48.0,0.0,4300.0,0,0.9393852759407245
3.9,86,12.0,256.0,50.0,0.0,5000.0,0,2.2728113530462473
4.2,133,12.0,256.0,50.0,0.0,4800.0,0,2.5385370773864846
4.3,223,8.0,128.0,50.0,0.0,4800.0,0,2.360853543892511
4.2,1538,12.0,256.0,50.0,0.0,5000.0,0,1.5612776431696311
4.3,230,12.0,256.0,50.0,0.0,4500.0,0,1.5168567597961378
4.3,230,12.0,256.0,50.0,0.0,4500.0,0,1.2953742352959001
4.5,305,6.0,128.0,48.0,16.0,4000.0,0,1.0282270426877111
4.5,2797,8.0,128.0,50.0,0.0,5000.0,0,1.8277141016438443
4.3,524,8.0,128.0,50.0,0.0,4500.0,0,2.0951278195522742
3.9,369,8.0,128.0,48.0,0.0,4500.0,0,1.4635516997479459
3.9,186,12.0,256.0,48.0,0.0,5000.0,0,2.5385370773864846
4.0,286,12.0,256.0,48.0,0.0,4500.0,0,1.828602519311314
4.2,276,8.0,128.0,48.0,0.0,5000.0,0,2.5385370773864846
4.2,234,12.0,256.0,64.0,0.0,4500.0,0,0.8505435091937378
4.2,86,6.0,128.0,64.0,0.0,4500.0,0,0.3174929087118178
4.4,145,8.0,128.0,48.0,0.0,4500.0,0,1.2059105761816844
4.2,1538,12.0,256.0,50.0,0.0,5000.0,0,1.7397607525643275
3.9,86,12.0,256.0,48.0,0.0,4500.0,0,1.3835941096756579
4.3,8782,8.0,128.0,50.0,0.0,4500.0,0,0.7784928363619317
4.5,2797,8.0,128.0,50.0,0.0,5000.0,0,1.8260261080756515
4.3,5819,8.0,128.0,64.0,0.0,5000.0,0,0.22500862952820466
3.9,86,6.0,64.0,48.0,32.0,4115.0,0,0.40713425135952735
4.3,2421,12.0,256.0,50.0,0.0,4500.0,0,0.869022596677111
4.3,5819,8.0,128.0,64.0,0.0,5000.0,0,0.229450717865554
4.2,234,12.0,256.0,64.0,0.0,4500.0,0,0.6736595516004874
3.9,86,8.0,128.0,64.0,0.0,4500.0,0,0.40713425135952735
4.4,596,8.0,256.0,108.0,0.0,5000.0,0,0.18502983449206067
4.5,103,12.0,256.0,48.0,16.0,4000.0,0,2.5385370773864846
4.2,234,12.0,128.0,64.0,0.0,4500.0,0,0.6736595516004874
4.5,125,8.0,128.0,16.0,16.0,3700.0,0,1.1177795435686737
3.9,86,8.0,128.0,50.0,0.0,4500.0,0,0.9401848518414474
4.4,1937,8.0,128.0,50.0,0.0,4500.0,0,0.9401848518414474
4.4,596,8.0,128.0,108.0,0.0,5000.0,0,-0.03707458237540602
4.4,596,8.0,128.0,108.0,0.0,5000.0,0,0.051767184371580656
4.5,1364,8.0,256.0,48.0,16.0,4000.0,0,2.250156702525766
4.5,9598,8.0,256.0,48.0,16.0,3800.0,0,1.695428710957581
4.5,9598,8.0,256.0,48.0,16.0,3800.0,0,1.4732354523233675
4.5,9598,8.0,128.0,48.0,16.0,3800.0,0,1.2067101520824073
4.0,286,12.0,256.0,48.0,0.0,4500.0,0,1.9610655935310712
4.0,286,12.0,256.0,48.0,0.0,4500.0,0,1.8002619957190253
3.9,369,8.0,128.0,48.0,0.0,4500.0,0,1.5435092898202338
3.9,369,8.0,128.0,48.0,0.0,4500.0,0,1.4140668356698742
4.5,1364,8.0,256.0,48.0,16.0,4000.0,0,1.2059105761816844
4.5,1364,8.0,256.0,48.0,16.0,4000.0,0,1.1170688094346979
4.2,234,12.0,256.0,64.0,0.0,4500.0,0,1.029026618588434
4.2,86,6.0,128.0,64.0,0.0,4500.0,0,0.7536171416727754
4.2,86,6.0,128.0,64.0,0.0,4500.0,0,0.49597601810651404
4.3,230,12.0,256.0,50.0,0.0,4500.0,0,1.508772159022162
4.3,230,12.0,256.0,50.0,0.0,4500.0,0,1.2954630770626472
3.9,86,8.0,128.0,48.0,0.0,4500.0,0,2.5385370773864846
4.0,286,12.0,256.0,48.0,0.0,4500.0,0,1.9174442860583008
4.3,5819,8.0,128.0,64.0,0.0,5000.0,0,0.2286511419648311
4.3,230,12.0,256.0,50.0,0.0,4500.0,0,1.295551918829394
4.4,1937,8.0,128.0,50.0,0.0,4500.0,0,0.025203496114231637
4.4,596,8.0,256.0,108.0,0.0,5000.0,0,0.229450717865554
4.2,426,6.0,128.0,64.0,0.0,4500.0,0,0.39833891645157565
4.3,2795,8.0,128.0,64.0,0.0,4500.0,0,0.4780299812236227
4.4,596,8.0,256.0,108.0,0.0,5000.0,0,0.49517644220579116
4.2,426,6.0,128.0,64.0,0.0,4500.0,0,0.40713425135952735
4.1,86,12.0,256.0,48.0,0.0,4500.0,0,1.7397607525643275
4.5,818,8.0,256.0,48.0,16.0,4085.0,0,1.3843936855763808
4.2,1538,12.0,256.0,50.0,0.0,4500.0,0,2.0951278195522742
4.3,230,12.0,256.0,50.0,0.0,4500.0,0,0.9395629594742184
3.9,369,8.0,128.0,48.0,0.0,4500.0,0,1.5790459965190284
4.2,426,6.0,128.0,50.0,0.0,4500.0,0,0.4063346754588045
4.2,426,6.0,128.0,64.0,0.0,4500.0,0,0.40624583369205747
4.2,1538,12.0,256.0,50.0,0.0,5000.0,0,2.0951278195522742
4.4,86,12.0,256.0,48.0,8.0,4085.0,0,2.5385370773864846
4.3,1127,4.0,128.0,16.0,16.0,4000.0,0,0.050967608470857774
4.5,829,3.0,32.0,12.0,8.0,3080.0,0,1.828602519311314
4.5,86,6.0,128.0,24.0,32.0,3340.0,0,0.5840182089527778
4.3,1205,3.0,64.0,12.3,8.0,3450.0,0,2.095038977785527
4.4,257,2.0,32.0,8.0,1.3,3080.0,0,-0.25909015747612574
3.9,86,2.0,32.0,13.0,5.0,3080.0,0,0.5848177848535007
4.5,4082,3.0,64.0,12.3,8.0,3450.0,0,2.0951278195522742
4.5,4082,3.0,32.0,12.3,8.0,3450.0,0,1.828602519311314
4.2,86,2.0,32.0,8.0,0.3,3080.0,0,-0.39324122526407557
3.9,1184,2.0,32.0,13.0,8.0,3080.0,0,-1.1031757833392462
3.9,244,3.0,32.0,13.0,8.0,3080.0,0,-0.21475811586937937
3.9,86,3.0,32.0,16.0,0.0,3080.0,0,-0.836650483098286
4.4,86,2.0,32.0,8.0,5.0,3080.0,0,-0.8810713664717794
3.9,118,2.0,32.0,8.0,0.0,3080.0,0,-1.1031757833392462
4.1,297,3.0,32.0,16.0,0.0,4000.0,0,-0.570125182857326
4.1,297,3.0,32.0,16.0,13.0,4000.0,0,-1.1031757833392462
3.9,568,2.0,32.0,13.0,0.0,3080.0,0,-0.836650483098286
3.9,2929,2.0,32.0,13.0,5.0,3200.0,0,-0.836650483098286
4.1,9952,3.0,32.0,13.0,8.0,4000.0,0,-1.0143340165922594
4.2,260015,3.0,32.0,13.0,8.0,4000.0,0,-0.7478087163512994
4.0,42171,3.0,32.0,13.0,5.0,4050.0,0,-0.8090206936399732
4.0,42171,3.0,32.0,13.0,5.0,4050.0,0,-0.8285658823243103
4.1,11468,4.0,64.0,16.0,16.0,4050.0,0,-0.21475811586937937
4.0,153294,2.0,32.0,8.0,5.0,3900.0,0,-1.1031757833392462
4.1,22593,4.0,32.0,13.0,8.0,4000.0,0,-0.6589669496043127
4.3,104,2.0,32.0,8.0,1.6,3080.0,0,-0.5163759139753992
4.1,2005,4.0,64.0,16.0,8.0,3760.0,0,-0.6589669496043127
4.1,129407,3.0,32.0,13.0,8.0,3500.0,0,-0.7478087163512994
3.9,4289,3.0,32.0,13.0,8.0,3500.0,0,-0.34802076598985937
3.9,201,8.0,128.0,48.0,32.0,4000.0,0,1.828602519311314
4.2,17887,3.0,32.0,13.0,13.0,3080.0,0,-0.836650483098286
4.1,260015,4.0,32.0,13.0,8.0,3500.0,0,-0.6145460662308194
4.2,19291,3.0,32.0,13.0,5.0,4000.0,0,-0.836650483098286
4.0,83006,4.0,32.0,13.0,8.0,4000.0,0,-0.7478087163512994
4.1,241475,3.0,32.0,13.0,8.0,4000.0,0,-0.836650483098286
4.1,15949,2.0,32.0,13.0,8.0,4000.0,0,-1.1031757833392462
4.3,33752,4.0,64.0,13.0,5.0,6000.0,0,-1.0587548999657528
4.3,22569,8.0,128.0,50.0,5.0,5000.0,0,-0.8810713664717794
4.3,5503,4.0,64.0,50.0,5.0,5000.0,0,-0.9787973098934647
4.4,6252,2.0,64.0,8.0,5.0,5000.0,0,-1.1031757833392462
4.3,33810,2.0,32.0,8.0,5.0,5000.0,0,-1.1031757833392462
4.1,5494,6.0,128.0,50.0,8.0,5000.0,0,-0.5257042994838327
4.2,10930,4.0,64.0,50.0,8.0,5000.0,0,-0.703387832977806
4.1,27133,8.0,128.0,108.0,16.0,5000.0,0,-0.1259163491223927
4.2,5955,4.0,64.0,50.0,8.0,5000.0,0,-0.7922295997247927
4.4,25096,4.0,64.0,13.0,8.0,6000.0,0,-0.969913133218766
4.1,3299,8.0,128.0,50.0,16.0,5000.0,0,-0.25029482256817404
4.2,27533,4.0,64.0,50.0,8.0,6000.0,0,-0.9254922498452728
4.2,13349,6.0,128.0,50.0,16.0,5000.0,0,-0.570125182857326
4.2,27194,4.0,64.0,50.0,16.0,5000.0,0,-0.7478087163512994
4.2,3729,8.0,128.0,108.0,32.0,4500.0,0,-0.21475811586937937
4.3,32464,2.0,64.0,8.0,5.0,5000.0,0,-1.1031757833392462
4.0,2084,8.0,256.0,50.0,16.0,5000.0,0,-0.07261128907420068
4.3,117061,4.0,64.0,13.0,8.0,6000.0,0,-0.9254922498452728
4.2,19564,6.0,64.0,50.0,16.0,5000.0,0,-0.3924416493633527
4.2,5685,8.0,256.0,108.0,16.0,5000.0,0,-0.21475811586937937
4.2,11007,6.0,64.0,50.0,8.0,5000.0,0,-0.836650483098286
4.0,5240,8.0,128.0,50.0,8.0,5000.0,0,-0.570125182857326
4.3,8157,8.0,128.0,50.0,16.0,5000.0,0,-0.30359988261636606
4.3,16419,4.0,64.0,13.0,8.0,5200.0,0,-0.836650483098286
4.3,79849,2.0,32.0,8.0,8.0,5000.0,0,-1.0854074299898488
4.2,17968,4.0,64.0,13.0,8.0,5000.0,0,-0.836650483098286
4.2,12712,3.0,64.0,8.0,5.0,5000.0,0,-0.9876814865681635
4.3,50667,4.0,128.0,50.0,8.0,5000.0,0,-0.6589669496043127
4.2,11290,6.0,128.0,50.0,16.0,5000.0,0,-0.21475811586937937
4.3,39201,4.0,64.0,50.0,16.0,5000.0,0,-0.6145460662308194
4.3,12319,6.0,64.0,50.0,16.0,5000.0,0,-0.48128341611033937
4.3,50667,4.0,64.0,50.0,8.0,5000.0,0,-0.7478087163512994
4.1,1127,8.0,256.0,108.0,32.0,4500.0,0,1.2067101520824073
4.3,66729,2.0,32.0,8.0,5.0,5000.0,0,-1.0587548999657528
4.2,10773,8.0,128.0,48.0,16.0,5000.0,0,0.051767184371580656
4.2,8693,8.0,128.0,50.0,16.0,5000.0,0,-0.48128341611033937
4.3,107450,2.0,32.0,13.0,8.0,6000.0,0,-1.0587548999657528
4.3,66729,2.0,32.0,8.0,5.0,5000.0,0,-1.1031757833392462
4.2,8704,8.0,128.0,50.0,16.0,5000.0,0,-0.48128341611033937
4.4,32752,2.0,32.0,13.0,8.0,6000.0,0,-0.9254922498452728
4.3,25582,4.0,64.0,48.0,16.0,5000.0,0,-0.3924416493633527
4.2,7117,8.0,128.0,48.0,16.0,4500.0,0,-0.03707458237540602
4.3,15701,4.0,64.0,16.0,32.0,4000.0,0,-0.7478087163512994
