Age,Gender,Education Level,Job Title,Years of Experience,Salary
32.0,1,0,177,5.0,-0.45344524510004186
28.0,0,3,18,3.0,-0.933273400770819
45.0,1,5,145,15.0,0.6981423285098232
36.0,0,0,116,7.0,-1.0292390319049745
52.0,1,3,26,20.0,1.6577986398513773
29.0,1,0,94,2.0,-1.1252046630391297
42.0,0,3,107,12.0,0.12234854170489065
31.0,1,0,119,4.0,-0.6453765073683527
26.0,0,0,95,1.0,-1.3171359253074406
38.0,1,5,166,10.0,-0.06958272056342019
29.0,1,3,176,3.0,-0.7413421385025081
48.0,0,0,48,18.0,0.5062110662415124
35.0,1,0,41,6.0,-0.933273400770819
40.0,0,3,110,14.0,0.3142798039732015
27.0,1,0,14,2.0,-1.413101556441596
44.0,1,0,103,16.0,0.21831417283904606
33.0,0,3,97,7.0,-0.45344524510004186
39.0,1,5,131,12.0,0.026382910570735232
25.0,0,0,19,0.0,-1.5090671875757515
51.0,1,0,117,22.0,1.2739361153147557
34.0,0,3,4,5.0,-0.6453765073683527
47.0,1,3,191,19.0,1.4658673775830664
30.0,1,0,54,2.0,-1.2211702941732852
36.0,0,0,113,9.0,-1.0292390319049745
41.0,1,3,42,13.0,0.5062110662415124
28.0,0,0,175,3.0,-1.3171359253074406
37.0,0,3,179,11.0,-0.06958272056342019
24.0,1,0,67,1.0,-1.413101556441596
43.0,0,5,127,15.0,0.5062110662415124
33.0,1,3,106,6.0,-0.45344524510004186
50.0,1,0,7,25.0,2.6174549511929315
31.0,0,0,1,4.0,-1.1252046630391297
29.0,1,3,20,3.0,-0.7413421385025081
39.0,0,0,98,10.0,-0.933273400770819
46.0,1,5,145,20.0,1.0820048530464448
27.0,1,0,186,2.0,-1.3171359253074406
35.0,0,0,47,7.0,-1.0292390319049745
42.0,1,3,109,14.0,0.026382910570735232
26.0,0,0,17,1.0,-1.413101556441596
49.0,1,0,118,21.0,0.890073590778134
34.0,0,3,188,5.0,-0.6453765073683527
48.0,1,3,102,18.0,1.4658673775830664
30.0,1,0,99,3.0,-1.0292390319049745
36.0,0,0,2,8.0,-1.3171359253074406
41.0,1,3,181,13.0,0.3142798039732015
28.0,0,0,11,2.0,-1.413101556441596
32.0,1,0,0,5.0,-0.7413421385025081
45.0,0,3,34,16.0,1.2739361153147557
38.0,1,5,166,11.0,0.12234854170489065
25.0,1,0,49,0.0,-1.5090671875757515
51.0,0,0,13,22.0,0.3142798039732015
33.0,1,3,6,7.0,-0.5494108762341973
40.0,0,0,39,12.0,-1.0292390319049745
47.0,1,3,190,19.0,1.6577986398513773
29.0,0,0,46,3.0,-1.2211702941732852
36.0,1,0,119,9.0,-0.35747961396588646
27.0,0,3,189,2.0,-0.933273400770819
43.0,1,5,131,17.0,0.5062110662415124
30.0,0,0,174,4.0,-1.1252046630391297
35.0,1,3,107,7.0,-0.16554835169757562
51.0,0,3,35,23.0,1.0820048530464448
29.0,1,0,94,3.0,-1.2211702941732852
40.0,0,0,48,12.0,-0.6453765073683527
47.0,1,5,130,21.0,1.2739361153147557
26.0,1,0,57,1.0,-1.5090671875757515
38.0,0,3,24,10.0,-0.45344524510004186
46.0,1,0,53,19.0,0.12234854170489065
31.0,0,0,15,5.0,-1.3171359253074406
34.0,1,3,5,8.0,-0.45344524510004186
49.0,0,3,133,18.0,0.6981423285098232
33.0,1,0,192,6.0,-0.933273400770819
39.0,0,0,113,11.0,-0.8373077696366635
45.0,1,5,114,16.0,1.4658673775830664
28.0,1,0,185,2.0,-1.413101556441596
42.0,0,3,12,14.0,0.12234854170489065
37.0,1,0,110,10.0,-0.35747961396588646
50.0,0,0,103,22.0,0.890073590778134
32.0,1,3,169,6.0,-0.26151398283173105
48.0,0,3,51,20.0,1.2739361153147557
30.0,0,0,10,3.0,-1.1252046630391297
36.0,1,0,184,8.0,-0.8373077696366635
41.0,0,3,18,13.0,-0.6453765073683527
25.0,1,0,121,0.0,-1.6050328187099068
52.0,1,5,9,24.0,2.6174549511929315
29.0,0,0,66,2.0,-1.413101556441596
34.0,0,3,40,10.0,-0.35747961396588646
27.0,1,0,56,2.0,-1.3171359253074406
40.0,0,0,47,15.0,-0.6453765073683527
46.0,1,3,160,21.0,0.4102454351073569
31.0,0,0,95,6.0,-1.1252046630391297
36.0,1,5,105,11.0,0.12234854170489065
29.0,0,0,116,3.0,-1.413101556441596
43.0,1,0,183,18.0,-0.16554835169757562
52.0,0,3,149,25.0,1.0820048530464448
33.0,1,0,4,7.0,-0.7413421385025081
39.0,0,0,187,12.0,-0.933273400770819
47.0,1,5,115,22.0,0.890073590778134
26.0,1,0,87,1.0,-1.5090671875757515
38.0,0,3,111,10.0,-0.45344524510004186
45.0,1,0,101,20.0,-0.06958272056342019
31.0,0,0,39,5.0,-1.3171359253074406
35.0,1,3,108,8.0,-0.35747961396588646
49.0,0,3,137,19.0,0.6981423285098232
33.0,1,0,91,5.0,-1.2211702941732852
39.0,0,3,158,13.0,-0.6453765073683527
44.0,1,5,8,16.0,2.041661164387999
30.0,0,0,23,3.0,-1.2211702941732852
36.0,1,0,55,7.0,-1.0292390319049745
41.0,0,3,146,14.0,-0.26151398283173105
28.0,1,0,16,2.0,-1.413101556441596
42.0,0,3,135,15.0,-0.06958272056342019
37.0,1,0,180,9.0,-0.35747961396588646
50.0,0,0,182,22.0,0.3142798039732015
32.0,1,3,125,6.0,-0.45344524510004186
23.0,0,0,72,0.5,-1.5090671875757515
31.0,1,3,133,6.0,-0.35747961396588646
40.0,0,0,100,15.0,-0.933273400770819
48.0,1,5,104,20.0,1.0820048530464448
29.0,0,0,71,3.0,-1.3171359253074406
35.0,1,3,156,10.0,0.12234854170489065
42.0,0,0,119,17.0,-0.26151398283173105
53.0,1,3,34,25.0,1.2739361153147557
33.0,0,0,76,5.0,-1.2211702941732852
38.0,1,0,13,11.0,-0.6453765073683527
44.0,0,5,166,16.0,0.5062110662415124
26.0,1,0,57,2.0,-1.413101556441596
37.0,0,3,136,9.0,-0.35747961396588646
45.0,1,0,120,18.0,-0.06958272056342019
32.0,0,0,95,4.0,-1.2211702941732852
34.0,1,3,168,8.0,-0.16554835169757562
50.0,0,3,35,21.0,0.890073590778134
29.0,1,0,90,3.0,-1.3171359253074406
40.0,0,3,170,12.0,-0.26151398283173105
47.0,1,5,162,22.0,0.890073590778134
27.0,1,0,84,1.0,-1.5090671875757515
39.0,0,0,2,10.0,-1.1252046630391297
46.0,1,3,160,19.0,0.5062110662415124
30.0,0,0,74,4.0,-1.2211702941732852
36.0,1,0,64,7.0,-1.0292390319049745
43.0,0,3,157,14.0,0.12234854170489065
28.0,1,0,59,2.0,-1.413101556441596
41.0,0,3,149,13.0,-0.06958272056342019
33.0,1,0,87,5.0,-1.2211702941732852
47.0,1,0,164,20.0,0.4102454351073569
25.0,0,3,75,1.5,-1.413101556441596
34.0,1,0,125,8.0,-0.45344524510004186
42.0,0,5,130,16.0,0.6981423285098232
31.0,1,0,80,4.0,-1.0292390319049745
38.0,0,0,124,10.0,-0.6453765073683527
45.0,1,3,37,19.0,1.1779704841806002
29.0,0,0,81,3.0,-1.3171359253074406
36.0,1,3,126,11.0,0.12234854170489065
43.0,0,5,154,18.0,0.5062110662415124
26.0,1,0,63,2.0,-1.5090671875757515
37.0,0,3,146,9.0,-0.35747961396588646
44.0,1,0,144,14.0,-0.06958272056342019
32.0,0,0,69,5.0,-1.2211702941732852
33.0,1,3,153,7.0,0.026382910570735232
51.0,0,5,33,23.0,1.3699017464489112
28.0,1,0,88,2.0,-1.413101556441596
39.0,0,0,165,12.0,-0.45344524510004186
48.0,1,3,36,21.0,1.1779704841806002
30.0,0,0,62,3.0,-1.3171359253074406
35.0,1,0,147,7.0,-0.6453765073683527
41.0,0,3,140,13.0,0.12234854170489065
27.0,1,0,60,1.5,-1.5090671875757515
40.0,0,0,123,14.0,-0.06958272056342019
46.0,1,5,163,18.0,0.6981423285098232
31.0,0,0,70,4.0,-1.2211702941732852
34.0,1,3,169,9.0,-0.16554835169757562
50.0,0,3,30,20.0,1.2739361153147557
29.0,1,0,73,2.0,-1.413101556441596
43.0,1,0,160,16.0,0.5062110662415124
26.0,0,3,65,1.5,-1.3171359253074406
35.0,1,0,151,7.0,-0.5494108762341973
42.0,0,5,149,18.0,0.5062110662415124
31.0,1,0,57,4.0,-1.2211702941732852
38.0,0,0,139,10.0,-0.6453765073683527
46.0,1,3,35,20.0,1.0820048530464448
29.0,0,0,84,2.0,-1.413101556441596
37.0,1,3,125,9.0,-0.16554835169757562
44.0,0,5,171,15.0,0.6021766973756677
27.0,1,0,79,2.0,-1.413101556441596
36.0,0,0,150,8.0,-0.5494108762341973
43.0,1,0,143,14.0,0.3142798039732015
33.0,0,3,133,6.0,-0.35747961396588646
34.0,1,0,161,9.0,-0.26151398283173105
50.0,0,5,38,22.0,1.2739361153147557
28.0,1,0,76,1.5,-1.5090671875757515
39.0,0,0,122,12.0,-0.35747961396588646
47.0,1,3,27,19.0,1.0820048530464448
30.0,0,0,85,3.0,-1.3171359253074406
34.0,1,0,156,7.0,-0.35747961396588646
40.0,0,3,141,13.0,0.12234854170489065
41.0,0,0,147,11.0,-0.45344524510004186
45.0,1,5,128,17.0,0.7941079596439786
32.0,0,0,56,5.0,-1.1252046630391297
35.0,1,3,168,9.0,-0.06958272056342019
49.0,0,3,32,21.0,1.2739361153147557
30.0,1,0,58,3.0,-1.3171359253074406
44.0,1,0,164,16.0,0.3142798039732015
27.0,0,3,89,1.5,-1.3171359253074406
36.0,1,0,124,7.0,-0.45344524510004186
41.0,0,5,148,17.0,0.890073590778134
31.0,1,0,71,4.0,-1.2211702941732852
39.0,0,0,153,10.0,0.12234854170489065
47.0,1,3,30,20.0,1.0820048530464448
30.0,0,0,73,2.0,-1.413101556441596
38.0,1,3,142,9.0,-0.06958272056342019
45.0,0,5,154,15.0,0.6981423285098232
28.0,1,0,60,2.0,-1.413101556441596
35.0,0,0,146,8.0,-0.5494108762341973
44.0,1,0,169,14.0,0.3142798039732015
34.0,0,3,132,6.0,-0.26151398283173105
35.0,1,0,158,9.0,-0.35747961396588646
50.0,0,5,35,22.0,1.2739361153147557
29.0,1,0,61,1.5,-1.5090671875757515
40.0,0,0,165,12.0,-0.26151398283173105
48.0,1,3,34,19.0,1.0820048530464448
31.0,0,0,86,3.0,-1.3171359253074406
33.0,1,0,155,7.0,-0.26151398283173105
42.0,0,3,140,13.0,0.5062110662415124
28.0,1,0,69,2.0,-1.413101556441596
40.0,0,0,149,11.0,-0.16554835169757562
46.0,1,5,130,18.0,0.890073590778134
33.0,0,0,78,5.0,-0.8373077696366635
37.0,1,3,167,9.0,0.12234854170489065
51.0,0,3,33,21.0,1.4658673775830664
30.0,1,0,75,3.0,-1.3171359253074406
43.0,1,0,160,15.0,0.12234854170489065
27.0,0,3,82,1.5,-1.2211702941732852
35.0,1,0,151,8.0,-0.5494108762341973
42.0,0,5,149,13.0,0.5062110662415124
32.0,1,0,84,3.0,-1.3171359253074406
37.0,0,0,133,9.0,-0.26151398283173105
45.0,1,3,168,16.0,0.5062110662415124
33.0,0,0,76,5.0,-0.8373077696366635
39.0,1,0,150,10.0,0.12234854170489065
44.0,0,5,137,18.0,0.890073590778134
29.0,1,0,59,1.5,-1.413101556441596
38.0,0,0,156,10.0,0.12234854170489065
46.0,1,5,128,19.0,0.6981423285098232
34.0,0,0,72,6.0,-0.8373077696366635
36.0,1,0,153,8.0,-0.35747961396588646
49.0,0,3,34,21.0,1.2739361153147557
31.0,1,0,69,3.0,-1.2211702941732852
41.0,0,0,158,11.0,-0.35747961396588646
47.0,1,3,35,20.0,1.0820048530464448
29.0,1,0,61,1.5,-2.1741090113354486
37.0,0,0,134,10.0,0.12234854170489065
31.0,0,0,73,3.0,-1.2211702941732852
42.0,1,0,153,12.0,-0.06958272056342019
29.0,0,0,84,1.5,-1.413101556441596
36.0,1,0,150,8.0,-0.35747961396588646
44.0,0,3,138,15.0,0.5062110662415124
33.0,1,0,78,4.0,-1.0292390319049745
39.0,0,0,147,9.0,-0.06958272056342019
45.0,1,5,129,16.0,0.6981423285098232
32.0,0,0,74,4.0,-1.0292390319049745
37.0,1,0,133,8.0,-0.45344524510004186
47.0,0,3,34,20.0,1.2739361153147557
30.0,1,0,59,2.0,-1.413101556441596
38.0,0,0,160,9.0,0.12234854170489065
46.0,1,5,128,17.0,0.890073590778134
34.0,0,0,69,5.0,-0.8373077696366635
36.0,1,0,156,8.0,-0.35747961396588646
49.0,0,3,35,21.0,1.2739361153147557
31.0,1,0,76,3.0,-1.2211702941732852
47.0,1,3,34,19.0,1.0820048530464448
29.0,0,0,60,1.5,-1.5090671875757515
35.0,1,0,134,9.0,-0.26151398283173105
44.0,0,5,154,15.0,0.6981423285098232
33.0,1,0,59,4.0,-1.0292390319049745
44.0,1,0,169,13.0,0.3142798039732015
32.0,1,0,79,4.0,-0.933273400770819
38.0,0,0,125,10.0,-0.06958272056342019
49.0,1,5,35,21.0,1.2739361153147557
29.0,0,0,75,2.0,-1.413101556441596
35.0,1,0,126,7.0,-0.45344524510004186
45.0,0,3,137,14.0,0.5062110662415124
33.0,1,0,69,4.0,-1.0292390319049745
40.0,0,0,149,12.0,0.3142798039732015
44.0,1,5,130,16.0,0.890073590778134
30.0,0,0,77,2.0,-1.413101556441596
37.0,1,0,146,9.0,-0.26151398283173105
48.0,0,3,31,20.0,1.2739361153147557
31.0,1,0,80,3.0,-1.1252046630391297
38.0,0,0,152,9.0,0.12234854170489065
33.0,0,0,74,5.0,-0.8373077696366635
36.0,1,0,125,8.0,-0.35747961396588646
42.0,0,0,160,12.0,0.12234854170489065
34.0,0,3,132,6.0,-0.6453765073683527
30.0,0,0,70,2.0,-1.413101556441596
37.0,1,0,126,10.0,0.12234854170489065
45.0,0,3,149,16.0,0.890073590778134
32.0,1,0,68,4.0,-0.933273400770819
39.0,0,0,160,12.0,0.3142798039732015
47.0,1,5,29,20.0,1.2739361153147557
29.0,0,0,72,2.0,-1.413101556441596
36.0,1,0,153,9.0,-0.26151398283173105
43.0,0,5,130,15.0,0.6981423285098232
32.0,1,0,73,3.0,-1.1252046630391297
48.0,1,3,34,21.0,1.2739361153147557
31.0,0,0,60,3.0,-1.2211702941732852
40.0,1,0,133,12.0,0.3142798039732015
45.0,0,5,171,16.0,0.890073590778134
33.0,1,0,79,4.0,-1.0292390319049745
36.0,0,0,149,8.0,-0.35747961396588646
47.0,1,3,35,19.0,1.0820048530464448
29.0,0,0,80,2.0,-1.413101556441596
34.0,1,0,152,7.0,-0.45344524510004186
44.0,0,5,125,15.0,0.6981423285098232
33.0,1,0,75,5.0,-0.8373077696366635
35.0,0,0,134,8.0,-0.45344524510004186
43.0,1,3,34,18.0,1.0820048530464448
31.0,0,0,69,3.0,-1.2211702941732852
41.0,1,0,156,14.0,0.6981423285098232
44.0,0,5,129,16.0,0.890073590778134
45.0,1,3,29,19.0,1.2739361153147557
28.0,0,0,78,1.0,-1.5090671875757515
36.0,1,0,126,8.0,-0.06958272056342019
44.0,0,5,130,16.0,0.890073590778134
31.0,1,0,73,3.0,-1.1252046630391297
43.0,1,3,35,19.0,1.0820048530464448
31.0,1,3,20,6.0,0.890073590778134
28.0,0,0,177,3.0,0.21831417283904606
26.0,1,3,107,2.0,0.12234854170489065
27.0,0,0,18,2.0,-0.06958272056342019
30.0,1,5,20,5.0,1.2739361153147557
29.0,0,0,177,4.0,0.5062110662415124
32.0,1,0,107,7.0,1.0820048530464448
25.0,0,3,18,1.0,-0.26151398283173105
33.0,1,5,20,8.0,1.4658673775830664
31.0,0,0,177,6.0,0.7941079596439786
28.0,1,3,107,3.0,0.3142798039732015
30.0,0,0,18,5.0,0.6021766973756677
27.0,1,5,20,2.0,0.026382910570735232
34.0,1,0,107,9.0,1.3699017464489112
28.0,1,0,177,3.0,0.21831417283904606
26.0,0,3,107,2.0,0.12234854170489065
27.0,1,0,18,2.0,-0.06958272056342019
30.0,0,5,20,5.0,1.2739361153147557
29.0,1,0,177,4.0,0.5062110662415124
26.0,1,0,18,3.0,0.3142798039732015
29.0,0,3,20,6.0,1.2739361153147557
32.0,1,0,177,8.0,1.4658673775830664
27.0,0,0,107,4.0,0.6981423285098232
24.0,1,0,18,1.0,-0.45344524510004186
31.0,0,3,20,9.0,1.5618330087172219
28.0,1,0,177,5.0,0.890073590778134
33.0,0,3,107,11.0,1.619412387397715
25.0,1,0,18,2.0,-0.06958272056342019
30.0,0,5,20,7.0,1.3699017464489112
27.0,1,0,177,4.0,0.5062110662415124
34.0,0,3,107,12.0,1.581026134944053
23.0,1,0,18,1.0,-0.35747961396588646
32.0,0,5,20,10.0,1.5234467562635599
29.0,1,0,177,6.0,1.1779704841806002
30.0,0,0,107,5.0,0.890073590778134
31.0,0,3,20,6.0,1.2739361153147557
31.0,1,0,18,9.0,1.5618330087172219
28.0,0,0,177,5.0,0.890073590778134
33.0,1,3,107,11.0,1.619412387397715
26.0,0,0,18,3.0,0.3142798039732015
30.0,1,5,20,7.0,1.3699017464489112
27.0,0,0,177,4.0,0.5062110662415124
34.0,1,3,107,12.0,1.581026134944053
25.0,0,0,18,2.0,-0.06958272056342019
30.0,1,0,18,5.0,0.890073590778134
31.0,0,5,20,9.0,1.5618330087172219
25.0,1,0,18,2.0,0.21831417283904606
28.0,0,3,20,6.0,1.1779704841806002
30.0,1,0,177,8.0,1.4658673775830664
24.0,1,0,18,1.0,-0.35747961396588646
31.0,1,3,20,9.0,1.5618330087172219
23.0,1,0,18,1.0,-0.45344524510004186
29.0,1,0,177,6.0,1.0820048530464448
26.0,1,0,18,3.0,0.4102454351073569
25.0,1,0,18,2.0,0.026382910570735232
27.0,0,3,20,4.0,0.6981423285098232
24.0,0,0,107,3.0,0.21831417283904606
31.0,1,3,20,7.0,1.2739361153147557
33.0,0,3,107,10.0,1.5618330087172219
30.0,0,5,20,6.0,1.0820048530464448
34.0,0,3,107,11.0,1.581026134944053
23.0,1,0,18,1.0,-0.4150589926463797
32.0,0,5,20,9.0,1.5618330087172219
28.0,1,0,177,5.0,0.9860392219122894
25.0,1,0,18,3.0,0.4102454351073569
33.0,0,3,107,11.0,1.581026134944053
24.0,1,0,18,1.0,-0.4150589926463797
32.0,1,1,18,5.0,0.4102454351073569
27.0,0,4,20,3.0,1.2739361153147557
40.0,1,1,177,12.0,1.5618330087172219
35.0,0,1,107,8.0,0.9860392219122894
43.0,1,4,20,15.0,1.619412387397715
29.0,0,1,177,4.0,0.6981423285098232
36.0,1,1,18,9.0,0.9284598432317962
31.0,1,4,20,6.0,1.1779704841806002
42.0,0,1,177,13.0,1.600219261170884
33.0,1,1,18,7.0,0.5445973186951745
29.0,0,4,20,4.0,1.312322367768418
41.0,1,1,177,11.0,1.3699017464489112
35.0,0,1,107,8.0,1.0820048530464448
27.0,1,0,177,4.0,0.890073590778134
32.0,1,0,20,8.0,1.2739361153147557
29.0,0,3,18,6.0,0.6981423285098232
30.0,1,0,18,5.0,0.5062110662415124
24.0,1,0,18,2.0,-0.26151398283173105
33.0,0,3,107,11.0,1.4658673775830664
26.0,1,0,18,3.0,0.12234854170489065
30.0,0,5,20,7.0,1.0820048530464448
31.0,1,0,18,9.0,1.4658673775830664
28.0,0,0,177,5.0,0.6981423285098232
26.0,0,0,18,3.0,0.12234854170489065
30.0,1,5,20,7.0,1.0820048530464448
27.0,0,0,107,4.0,0.3142798039732015
24.0,1,0,18,2.0,-0.35747961396588646
33.0,1,3,107,11.0,1.5618330087172219
25.0,1,0,18,2.0,-0.26151398283173105
28.0,1,0,177,5.0,0.6981423285098232
29.0,0,3,20,6.0,0.6981423285098232
33.0,0,3,107,11.0,1.5618330087172219
31.0,0,3,20,6.0,1.0820048530464448
32.0,1,0,177,8.0,1.2739361153147557
34.0,0,3,107,12.0,1.4658673775830664
25.0,0,0,18,2.0,-0.26151398283173105
29.0,1,0,177,7.0,1.2739361153147557
27.0,0,0,18,5.0,0.12234854170489065
33.0,1,3,20,10.0,1.5618330087172219
28.0,1,0,177,4.0,0.890073590778134
26.0,0,0,18,3.0,-0.26151398283173105
31.0,1,0,107,8.0,1.4658673775830664
30.0,1,3,177,6.0,1.0820048530464448
32.0,0,0,20,9.0,1.3699017464489112
29.0,1,0,18,7.0,0.3142798039732015
35.0,0,0,107,12.0,1.4658673775830664
27.0,1,0,177,5.0,0.6981423285098232
28.0,0,3,20,6.0,0.6981423285098232
37.0,1,5,107,14.0,1.5618330087172219
26.0,1,0,18,3.0,-0.06958272056342019
30.0,0,0,177,8.0,1.2739361153147557
31.0,1,3,20,9.0,1.3699017464489112
29.0,0,0,18,7.0,0.3142798039732015
32.0,1,0,177,10.0,1.4658673775830664
28.0,0,3,20,6.0,0.7941079596439786
34.0,1,0,177,12.0,1.5618330087172219
25.0,0,0,18,2.0,-0.45344524510004186
30.0,1,0,107,8.0,1.3699017464489112
29.0,0,0,18,6.0,0.12234854170489065
31.0,1,0,177,9.0,1.2739361153147557
27.0,0,0,18,5.0,0.21831417283904606
28.0,1,1,169,7.0,1.1779704841806002
44.0,1,5,178,18.0,1.4658673775830664
33.0,0,4,3,5.0,-0.06958272056342019
50.0,1,5,159,16.0,1.5618330087172219
27.0,0,4,45,3.0,-0.26151398283173105
25.0,1,1,44,1.0,-1.0292390319049745
35.0,1,4,169,8.0,0.7941079596439786
47.0,0,5,45,12.0,1.1779704841806002
46.0,0,4,159,13.0,1.2739361153147557
32.0,1,1,3,4.0,-0.35747961396588646
41.0,1,4,169,11.0,0.9860392219122894
37.0,1,4,159,9.0,0.6021766973756677
53.0,1,5,178,19.0,1.5618330087172219
30.0,0,1,44,2.0,-0.7413421385025081
26.0,0,4,3,3.0,-0.45344524510004186
37.0,0,4,169,9.0,0.7941079596439786
32.0,1,1,45,5.0,0.026382910570735232
44.0,0,4,169,12.0,1.0820048530464448
50.0,0,5,178,16.0,1.4658673775830664
27.0,1,1,159,4.0,0.026382910570735232
42.0,1,5,45,14.0,1.2739361153147557
35.0,1,4,169,7.0,0.5062110662415124
26.0,0,4,3,2.0,-0.8373077696366635
42.0,0,4,159,11.0,1.0820048530464448
41.0,0,5,178,14.0,1.3699017464489112
36.0,0,4,45,8.0,0.5062110662415124
49.0,1,5,178,15.0,1.3699017464489112
49.0,1,5,159,15.0,1.3699017464489112
47.0,1,5,178,15.0,1.2739361153147557
47.0,1,5,169,14.0,1.1779704841806002
26.0,1,1,44,2.0,-0.8373077696366635
24.0,0,1,3,1.0,-1.0292390319049745
42.0,1,5,169,14.0,1.0820048530464448
41.0,0,4,159,11.0,0.9860392219122894
23.0,1,1,45,1.0,-1.1252046630391297
33.0,0,1,44,5.0,-0.16554835169757562
31.0,1,4,45,6.0,0.3142798039732015
50.0,0,5,178,16.0,1.3699017464489112
24.0,0,4,3,1.0,-1.0292390319049745
24.0,1,1,44,1.0,-1.0292390319049745
37.0,1,4,169,8.0,0.6981423285098232
43.0,0,5,159,13.0,1.2739361153147557
34.0,1,4,3,6.0,0.21831417283904606
45.0,1,5,178,15.0,1.3699017464489112
29.0,1,1,45,3.0,-0.45344524510004186
29.0,1,1,44,3.0,-0.6453765073683527
29.0,0,1,3,3.0,-0.5494108762341973
48.0,1,5,159,16.0,1.4658673775830664
43.0,0,4,178,11.0,0.890073590778134
27.0,0,4,45,3.0,-0.35747961396588646
23.0,1,1,3,1.0,-1.1252046630391297
45.0,1,5,169,13.0,1.3699017464489112
32.0,0,4,45,5.0,0.12234854170489065
47.0,1,5,178,14.0,1.1779704841806002
25.0,0,4,3,2.0,-0.7413421385025081
41.0,0,4,169,12.0,0.890073590778134
41.0,1,5,178,12.0,1.1779704841806002
47.0,1,5,169,15.0,1.2739361153147557
32.0,1,1,45,5.0,0.12234854170489065
45.0,1,5,159,14.0,1.3699017464489112
53.0,1,5,178,18.0,1.5618330087172219
47.0,0,5,169,14.0,1.0820048530464448
23.0,1,1,44,1.0,-1.1252046630391297
33.0,1,4,3,6.0,0.3142798039732015
42.0,1,5,178,14.0,1.2739361153147557
37.0,1,4,169,9.0,0.6021766973756677
44.0,0,4,159,12.0,1.0820048530464448
38.0,0,4,3,10.0,0.7941079596439786
34.0,1,4,45,6.0,0.21831417283904606
46.0,0,5,178,14.0,1.2739361153147557
30.0,1,1,3,4.0,-0.35747961396588646
44.0,0,4,169,11.0,1.0820048530464448
42.0,1,5,159,14.0,1.1779704841806002
27.0,1,1,44,3.0,-0.6453765073683527
38.0,1,4,169,10.0,0.7941079596439786
31.0,1,4,159,6.0,0.21831417283904606
28.0,0,4,45,4.0,-0.06958272056342019
30.0,0,4,3,6.0,0.3142798039732015
37.0,1,4,169,9.0,0.6981423285098232
31.0,1,4,169,7.0,0.5062110662415124
23.0,0,1,3,1.0,-1.1252046630391297
52.0,0,5,178,16.0,1.4658673775830664
32.0,0,4,45,6.0,0.3142798039732015
32.0,1,4,3,6.0,0.3142798039732015
34.0,1,4,45,7.0,0.5062110662415124
28.0,1,1,44,2.0,-0.8373077696366635
44.0,1,4,159,11.0,1.0820048530464448
46.0,1,5,178,14.0,1.2739361153147557
27.0,0,4,3,2.0,-0.8373077696366635
23.0,0,1,44,1.0,-1.1252046630391297
43.0,1,5,178,13.0,1.2739361153147557
28.0,0,1,44,2.0,-0.8373077696366635
43.0,1,4,159,12.0,0.9860392219122894
43.0,1,5,159,13.0,1.3699017464489112
36.0,1,4,169,7.0,0.5062110662415124
28.0,0,1,44,3.0,-0.6453765073683527
28.0,0,4,3,3.0,-0.45344524510004186
43.0,1,5,169,12.0,1.0820048530464448
44.0,1,5,159,12.0,1.0820048530464448
37.0,1,4,169,10.0,0.7941079596439786
27.0,1,1,44,2.0,-0.8373077696366635
31.0,1,4,45,7.0,0.5062110662415124
50.0,1,5,178,16.0,1.4658673775830664
33.0,1,4,45,6.0,0.3142798039732015
41.0,1,5,159,12.0,0.9860392219122894
24.0,0,1,44,1.0,-1.1252046630391297
43.0,1,5,159,12.0,0.9860392219122894
29.0,0,1,44,3.0,-0.5494108762341973
52.0,1,5,178,18.0,1.6577986398513773
36.0,1,4,45,8.0,0.5062110662415124
26.0,1,1,3,2.0,-0.933273400770819
47.0,1,5,159,16.0,1.4658673775830664
32.0,1,4,45,6.0,0.12234854170489065
51.0,1,5,178,16.0,1.4658673775830664
27.0,0,4,3,2.0,-0.933273400770819
36.0,1,4,45,7.0,0.3142798039732015
33.0,0,4,45,5.0,0.12234854170489065
25.0,1,1,44,1.0,-1.1252046630391297
40.0,1,5,169,12.0,0.890073590778134
36.0,1,4,169,8.0,0.5062110662415124
31.0,1,4,159,7.0,0.4102454351073569
24.0,1,1,3,1.0,-1.1252046630391297
34.0,1,1,44,5.0,-0.35747961396588646
43.0,0,4,169,12.0,1.0820048530464448
27.0,1,1,3,2.0,-0.7413421385025081
32.0,1,4,45,7.0,0.4102454351073569
46.0,1,5,159,16.0,1.4658673775830664
41.0,0,5,159,11.0,0.9860392219122894
34.0,1,1,3,6.0,0.12234854170489065
40.0,0,5,169,12.0,0.890073590778134
24.0,1,1,44,1.0,-1.1252046630391297
36.0,1,1,44,7.0,0.12234854170489065
29.0,0,4,3,3.0,-0.45344524510004186
41.0,0,5,178,14.0,1.2739361153147557
33.0,1,1,45,7.0,0.3142798039732015
42.0,1,5,169,12.0,1.0820048530464448
28.0,1,1,3,2.0,-0.8373077696366635
26.0,0,4,44,1.0,-1.1252046630391297
44.0,0,5,178,11.0,0.9860392219122894
30.0,1,4,45,5.0,-0.16554835169757562
39.0,0,4,169,11.0,0.890073590778134
32.0,1,1,44,6.0,-0.06958272056342019
50.0,1,5,178,17.0,1.5618330087172219
27.0,1,1,3,3.0,-0.5494108762341973
46.0,1,5,159,14.0,1.2739361153147557
25.0,0,1,44,1.0,-1.1252046630391297
35.0,1,1,3,8.0,0.5062110662415124
35.0,1,1,45,8.0,0.6021766973756677
41.0,1,5,159,13.0,1.3699017464489112
33.0,1,1,44,6.0,-0.06958272056342019
31.0,1,1,44,6.0,0.026382910570735232
42.0,0,4,178,13.0,1.0820048530464448
27.0,0,1,3,3.0,-0.6453765073683527
51.0,1,5,159,19.0,1.6577986398513773
34.0,0,4,45,7.0,0.3142798039732015
38.0,1,1,178,11.0,0.7941079596439786
29.0,1,1,44,5.0,-0.16554835169757562
43.0,0,5,159,14.0,1.4658673775830664
36.0,1,4,3,8.0,0.5062110662415124
48.0,1,5,178,16.0,1.3699017464489112
35.0,0,1,45,8.0,0.6021766973756677
30.0,0,4,44,4.0,-0.45344524510004186
50.0,1,5,159,18.0,1.5618330087172219
29.0,1,1,3,4.0,-0.35747961396588646
41.0,1,4,178,13.0,1.0820048530464448
33.0,0,1,45,6.0,0.026382910570735232
45.0,1,5,159,16.0,1.3699017464489112
28.0,0,1,44,2.0,-0.933273400770819
39.0,0,4,178,12.0,0.890073590778134
30.0,1,1,3,5.0,-0.26151398283173105
46.0,1,5,159,15.0,1.2739361153147557
42.0,1,5,178,14.0,1.4658673775830664
31.0,1,1,45,6.0,0.026382910570735232
49.0,0,5,159,17.0,1.5618330087172219
36.0,1,4,3,9.0,0.6981423285098232
45.0,1,5,178,16.0,1.3699017464489112
25.0,0,1,44,1.0,-2.1702703860900825
29.0,1,1,44,4.0,-0.45344524510004186
40.0,0,4,178,12.0,0.890073590778134
33.0,0,4,45,6.0,0.026382910570735232
37.0,1,1,178,10.0,0.6981423285098232
28.0,1,1,44,2.0,-0.933273400770819
44.0,0,5,159,14.0,1.4658673775830664
35.0,1,4,3,8.0,0.5062110662415124
47.0,1,5,178,16.0,1.3699017464489112
34.0,0,1,45,7.0,0.3142798039732015
31.0,0,4,44,5.0,-0.16554835169757562
42.0,1,4,178,13.0,1.0820048530464448
29.0,0,1,44,4.0,-0.45344524510004186
27.0,1,1,3,3.0,-0.6453765073683527
49.0,1,5,159,17.0,1.5618330087172219
32.0,0,4,45,6.0,0.026382910570735232
36.0,1,1,178,8.0,0.4102454351073569
27.0,1,1,44,2.0,-0.933273400770819
34.0,1,4,3,8.0,0.5062110662415124
46.0,1,5,178,16.0,1.3699017464489112
33.0,0,1,45,7.0,0.3142798039732015
30.0,0,4,44,5.0,-0.16554835169757562
50.0,1,5,159,19.0,1.6577986398513773
27.0,1,7,22,7.0,-0.26151398283173105
31.0,0,1,44,6.0,-0.06958272056342019
37.0,1,4,178,10.0,0.6981423285098232
31.0,1,4,178,8.0,0.3142798039732015
43.0,1,5,159,15.0,1.2739361153147557
35.0,0,4,45,8.0,0.5062110662415124
42.0,1,1,178,12.0,0.890073590778134
28.0,0,1,44,2.0,-1.1252046630391297
44.0,0,5,159,16.0,1.4658673775830664
32.0,1,4,3,7.0,0.12234854170489065
48.0,1,5,178,18.0,1.6577986398513773
30.0,0,1,45,5.0,-0.26151398283173105
34.0,1,4,44,9.0,0.6981423285098232
37.0,0,1,178,11.0,1.0820048530464448
49.0,0,5,159,19.0,1.8497299021196882
29.0,1,1,45,4.0,-0.45344524510004186
41.0,1,4,178,14.0,1.2739361153147557
46.0,0,5,159,16.0,1.3699017464489112
30.0,1,4,44,5.0,-0.16554835169757562
50.0,1,5,178,20.0,1.8497299021196882
31.0,1,1,3,6.0,-0.35747961396588646
39.0,0,4,178,11.0,1.0820048530464448
48.0,1,5,178,19.0,1.6577986398513773
28.0,1,1,177,4.0,-0.7413421385025081
33.0,0,4,18,7.0,-0.35747961396588646
22.0,1,1,43,1.0,-1.2211702941732852
44.0,1,5,130,15.0,1.2739361153147557
29.0,0,1,176,3.0,-0.933273400770819
31.0,1,4,107,6.0,0.12234854170489065
25.0,0,4,177,2.0,-1.0292390319049745
38.0,1,1,20,10.0,0.6981423285098232
27.0,1,1,177,3.0,-0.8373077696366635
46.0,0,5,28,20.0,2.041661164387999
33.0,1,4,18,8.0,-0.26151398283173105
24.0,0,1,176,2.0,-1.1252046630391297
36.0,1,5,130,12.0,1.0820048530464448
30.0,0,1,177,5.0,-0.45344524510004186
29.0,1,1,43,4.0,-0.6453765073683527
42.0,1,4,107,14.0,1.2739361153147557
26.0,1,1,176,2.0,-1.0292390319049745
35.0,0,4,18,9.0,0.12234854170489065
27.0,0,1,177,3.0,-0.8373077696366635
48.0,1,5,28,18.0,1.8497299021196882
34.0,1,4,20,9.0,0.5062110662415124
23.0,0,1,177,1.0,-1.2211702941732852
32.0,1,4,107,7.0,-0.06958272056342019
37.0,1,1,18,11.0,0.890073590778134
41.0,0,5,28,16.0,1.6577986398513773
34.0,1,4,18,8.0,-0.26151398283173105
34.0,0,1,45,8.0,0.17004346037856588
25.0,1,5,178,12.0,1.06586343388968
43.0,1,4,169,21.0,1.4098426421269465
27.0,0,4,44,5.0,-0.6769683931377166
25.0,1,1,3,2.0,-0.44866615666956094
29.0,0,4,169,6.0,0.366485107310182
52.0,1,5,178,23.0,0.9201684127018052
41.0,1,4,44,13.0,0.2633412469671918
49.0,0,1,3,19.0,0.12574572504703976
25.0,2,2,45,2.0,-0.855886715824236
35.0,1,4,159,8.0,-0.23594873869759203
35.0,0,1,159,12.0,1.0124297704741823
43.0,1,4,169,21.0,1.372185728469904
37.0,0,1,45,10.0,0.6831141106742145
50.0,1,4,178,21.0,1.015059228767258
26.0,1,1,3,3.0,-0.7399602334141763
34.0,0,4,45,10.0,0.9552918336969061
30.0,1,2,159,11.0,-0.18575871361442875
50.0,1,1,3,23.0,1.1965110441157192
35.0,0,4,45,10.0,0.7372771128863317
28.0,1,4,44,5.0,-0.7079077126153683
46.0,0,1,169,20.0,0.49465680425296
28.0,1,2,3,7.0,-0.3412614223042142
34.0,1,4,45,12.0,0.9088060819755212
33.0,0,4,159,9.0,0.25195972311468096
37.0,2,4,45,14.0,0.9168096156121097
33.0,1,4,169,8.0,0.5026987241420022
53.0,1,5,178,25.0,1.306833133667544
35.0,0,1,3,10.0,0.02208365029592507
30.0,1,4,45,6.0,-0.15163333518312308
24.0,0,2,159,1.0,-1.1687538664478094
36.0,1,4,44,8.0,-0.13691220736714363
27.0,0,1,45,4.0,-0.7625505429831565
23.0,1,5,178,1.0,0.11920086900369035
28.0,0,4,169,5.0,-0.2663698437671193
52.0,1,1,3,25.0,1.0491270278198832
28.0,0,4,45,7.0,0.04404058669941983
32.0,1,4,159,11.0,0.27739061536523213
24.0,0,1,44,1.0,-1.196890989496344
43.0,1,2,169,22.0,1.0036777049147472
24.0,1,4,3,0.0,-1.1148787611290947
29.0,0,4,45,4.0,-0.17126790331317127
44.0,1,5,178,19.0,1.1387205410467307
40.0,0,4,169,16.0,0.46843899382710874
27.0,1,1,3,4.0,-0.5938813497017649
43.0,1,4,45,17.0,0.8020539139018866
49.0,0,2,159,25.0,0.7788878105461016
30.0,1,4,44,8.0,-0.10998425127089961
42.0,0,1,169,18.0,0.6683162103533277
26.0,1,4,45,4.0,-0.20664083494922095
41.0,0,5,178,13.0,0.4805306633500123
46.0,1,1,159,23.0,1.3065452367741417
22.0,0,2,3,0.0,-1.1860084869257306
42.0,0,4,169,16.0,0.47331404788872383
49.0,1,1,45,22.0,1.2956627342035285
27.0,0,4,3,4.0,-0.7617252385554028
36.0,1,1,159,14.0,0.10745467575286972
31.0,0,4,45,6.0,-0.23875093512670936
39.0,1,4,178,14.0,0.5515068441368337
41.0,0,1,159,20.0,0.723381289498106
48.0,1,5,45,23.0,1.2935322971923502
39.0,0,4,169,15.0,0.40335510279192455
48.0,1,1,44,23.0,1.1559175821459713
31.0,2,2,3,8.0,-0.18230395089359913
47.0,1,4,159,25.0,1.2520367582899414
29.0,0,5,45,5.0,-0.28899853958855315
32.0,1,1,178,9.0,-0.17205482148847134
38.0,0,4,169,13.0,0.4075200111831469
34.0,1,1,3,10.0,-0.36703779082684834
23.0,2,2,44,2.0,-0.9745002359060522
36.0,1,1,44,14.0,0.4888412870062302
30.0,0,4,159,5.0,-0.14101953637968548
28.0,1,4,45,4.0,-0.4447699520455142
46.0,0,5,178,23.0,1.0494533109657393
34.0,1,1,3,10.0,0.248888822918388
44.0,1,4,169,19.0,0.740424785587532
35.0,1,4,45,9.0,0.31955791368558
23.0,0,2,3,2.0,-0.9753639265862595
46.0,1,4,169,21.0,1.1646312614529526
33.0,0,1,45,9.0,0.37811614180364167
26.0,1,4,44,4.0,-0.7287514476977069
43.0,0,5,178,19.0,0.8122262708021071
36.0,1,4,45,11.0,0.46350636038681314
23.0,0,1,159,0.0,-1.1860276800519576
49.0,1,4,178,22.0,1.3168711386841767
35.0,0,4,45,10.0,0.7346284614670291
31.0,1,1,3,8.0,-0.2605159402679358
43.0,1,4,45,20.0,1.0283984514949056
33.0,0,4,159,10.0,-0.022770685696179176
28.0,1,1,45,5.0,-0.5607924000867082
36.0,0,4,169,13.0,0.49494470114636246
43.0,1,1,159,20.0,0.5654026675250594
50.0,0,4,45,25.0,1.5108560654587586
24.0,1,5,178,1.0,-0.1438217328088028
46.0,0,1,3,19.0,0.7029022238140773
38.0,1,4,45,15.0,1.1011020136421417
29.0,1,1,159,6.0,-0.49115973813576497
33.0,0,4,44,10.0,0.11119733536710179
47.0,1,5,178,21.0,1.1507546311909538
45.0,0,4,169,23.0,1.1671455609886676
28.0,1,1,3,4.0,-0.8046986481772775
42.0,0,4,45,14.0,0.958362733893199
46.0,1,1,159,24.0,1.0211242566549366
38.0,0,5,178,15.0,0.5925033617573449
33.0,0,4,45,8.0,0.17188600049634167
27.0,1,2,3,4.0,-0.6498485057792044
50.0,0,1,159,25.0,1.2197539199764116
26.0,1,4,45,4.0,-0.4564585659176543
31.0,0,4,169,6.0,-0.0011976118172210366
35.0,1,1,44,10.0,0.28955905739304305
44.0,0,5,178,18.0,0.9211856483918271
32.0,1,4,159,8.0,0.15025534723870304
26.0,0,4,44,3.0,-0.786465178261788
23.0,1,5,178,0.0,-1.1710378484688024
48.0,0,4,169,24.0,1.350823778979441
38.0,1,1,3,12.0,0.3518983313777904
30.0,0,4,45,5.0,-0.21420292668259241
40.0,1,4,178,16.0,0.6933056607006617
45.0,0,1,159,22.0,1.1018889318174419
36.0,1,4,45,13.0,0.6281066109081165
31.0,0,1,169,7.0,-0.11338143461304873
26.0,1,4,45,4.0,-0.4353269339419133
30.0,0,4,159,5.0,-0.2533569041853278
24.0,1,1,3,2.0,-0.9543666464941063
45.0,1,4,169,22.0,1.3104414413981884
33.0,0,4,45,9.0,0.43966849761308896
38.0,1,1,44,11.0,0.4349086023088348
42.0,1,4,45,19.0,1.2095047905712837
28.0,0,1,159,4.0,-0.8368855208596733
30.0,1,4,44,6.0,-0.2737400042382224
43.0,0,4,169,19.0,0.7546468921216138
35.0,1,1,3,10.0,0.1873364671089407
44.0,1,4,45,21.0,1.0610075729542916
23.0,1,2,44,1.0,-1.2615142455020842
39.0,0,4,169,14.0,0.42661717177884384
43.0,1,1,45,17.0,0.6827494412759046
29.0,1,5,178,6.0,-0.13364937590858234
30.0,0,1,159,6.0,-0.45354121073117604
26.0,1,4,45,4.0,-0.5335765470970616
39.0,0,5,178,13.0,0.5794136496706461
49.0,1,4,44,24.0,1.1727115675944486
42.0,0,1,169,20.0,0.708391457914951
27.0,1,1,3,4.0,-0.8616446536922854
43.0,1,4,45,21.0,1.4265406619442895
37.0,0,1,159,13.0,0.4550805779732343
29.0,0,4,45,5.0,-0.20646809681317949
43.0,1,1,169,20.0,0.780308101886887
31.0,1,4,3,8.0,-0.040121271805234476
30.0,0,4,159,6.0,-0.10977312688240448
36.0,1,1,45,13.0,0.580776361632751
28.0,1,4,169,6.0,-0.09631874539739589
49.0,1,1,3,24.0,1.2410007107095136
27.0,0,4,44,4.0,-0.7227439991887088
41.0,1,4,159,15.0,0.5773215989119215
46.0,1,1,169,22.0,1.1649959308512625
32.0,0,4,45,8.0,0.19491775196853897
38.0,1,5,178,12.0,0.5395111402450643
24.0,0,1,3,1.0,-1.0082225586865943
49.0,1,4,45,22.0,1.255606679768132
35.0,0,4,169,10.0,0.3210933637837265
31.0,1,1,44,7.0,-0.1985221425552714
44.0,0,5,178,18.0,0.8492306181674375
33.0,1,4,159,10.0,0.07079580465962236
33.0,0,4,45,11.0,0.3082531623379765
27.0,1,2,3,3.0,-0.8639670219657319
51.0,0,4,159,25.0,1.2338800608793592
26.0,1,4,45,3.0,-0.8666348665112614
31.0,0,4,169,6.0,-0.010755788678182917
35.0,1,1,44,9.0,0.2200607473256877
45.0,0,5,178,23.0,1.1381447472599258
32.0,1,4,159,9.0,0.25508820268965443
26.0,0,4,44,4.0,-0.7049135849239827
23.0,1,5,178,1.0,-2.1697137854295043
26.0,0,1,177,2.0,-0.933273400770819
33.0,1,4,18,8.0,0.12234854170489065
29.0,0,1,107,4.0,-0.45344524510004186
41.0,1,5,20,15.0,1.4658673775830664
35.0,0,4,177,9.0,0.5062110662415124
28.0,1,1,176,3.0,-0.7413421385025081
37.0,0,4,20,11.0,0.890073590778134
33.0,1,1,107,8.0,0.3142798039732015
24.0,0,4,177,2.0,-1.0292390319049745
46.0,1,5,28,20.0,2.041661164387999
29.0,0,1,176,5.0,-0.6453765073683527
31.0,1,4,20,7.0,0.3142798039732015
27.0,0,1,177,3.0,-0.933273400770819
38.0,1,5,130,13.0,1.0820048530464448
30.0,0,4,107,6.0,-0.06958272056342019
25.0,1,1,43,2.0,-1.2211702941732852
44.0,1,5,28,18.0,1.8497299021196882
33.0,0,4,18,8.0,-0.26151398283173105
22.0,1,1,177,1.0,-1.2211702941732852
36.0,1,4,107,10.0,0.890073590778134
28.0,0,1,177,4.0,-0.8373077696366635
41.0,1,5,130,16.0,1.4658673775830664
34.0,0,4,20,9.0,0.5062110662415124
23.0,1,1,176,1.0,-1.3171359253074406
32.0,0,4,107,7.0,0.12234854170489065
25.0,1,4,177,2.0,-1.0292390319049745
37.0,0,1,18,11.0,0.6981423285098232
28.0,1,1,177,4.0,-0.8373077696366635
29.0,0,1,45,6.0,-0.19282178406590259
45.0,1,4,178,19.0,0.9626236079155555
36.0,1,1,44,12.0,0.4654832523881768
30.0,0,4,159,4.0,-0.4066524033590277
28.0,1,4,45,5.0,-0.5651300466139719
46.0,0,5,178,21.0,1.1745349145859976
34.0,1,1,3,10.0,0.24748772470382932
44.0,1,4,169,18.0,0.7397530261695929
35.0,1,4,45,9.0,0.3439715702461092
23.0,0,2,3,1.0,-1.1672951888545704
46.0,1,4,169,20.0,1.1767805103545368
33.0,0,1,45,8.0,0.20048375857432
26.0,1,4,44,3.0,-0.7674447901709984
43.0,0,5,178,19.0,0.8226289452170495
36.0,1,4,45,11.0,0.4843117092166981
23.0,0,1,159,0.0,-1.1668345538251264
49.0,1,4,178,23.0,1.3198460732493356
35.0,0,4,45,11.0,0.7188325185823471
31.0,1,1,3,8.0,-0.2484818501237127
43.0,1,4,45,20.0,1.0421599229995435
33.0,0,4,159,10.0,-0.005592837723165355
28.0,1,1,45,4.0,-0.6913248515553864
36.0,0,4,169,13.0,0.5064029975037806
43.0,1,1,159,20.0,0.5526776248366704
50.0,0,4,45,24.0,1.518763633464213
24.0,1,5,178,1.0,-0.1331887408791384
46.0,0,1,3,19.0,0.712134117529183
38.0,1,4,45,15.0,1.1137118975731697
29.0,1,1,159,6.0,-0.48123689187649327
33.0,0,4,44,9.0,0.1207747053542905
47.0,1,5,178,21.0,1.1776825872871979
45.0,0,4,169,23.0,1.1652262483659843
28.0,1,1,3,4.0,-0.7914553910807641
42.0,0,4,45,14.0,0.966423846908468
46.0,1,1,159,25.0,1.0236193630644246
38.0,0,5,178,15.0,0.6031747399394629
33.0,0,4,45,8.0,0.17935212659857896
27.0,1,2,3,4.0,-0.6406358051903254
50.0,0,1,159,25.0,1.2329012114417908
26.0,1,4,45,4.0,-0.43306214504714724
31.0,0,4,169,6.0,0.012755790949685162
35.0,1,1,44,10.0,0.2950674846201436
44.0,0,5,178,18.0,0.9371735225387775
32.0,1,4,159,8.0,0.16752916084285102
26.0,0,4,44,3.0,-0.7755442894387211
48.0,0,4,169,24.0,1.3599213208109588
38.0,1,1,3,12.0,0.361149418219123
30.0,0,4,45,5.0,-0.20723582186225273
40.0,1,4,178,16.0,0.7039194595040993
45.0,0,1,159,22.0,1.110180362347433
36.0,1,4,45,13.0,0.6468199089792769
31.0,0,1,169,7.0,-0.10284440831451845
26.0,1,4,45,4.0,-0.42663244776115883
30.0,0,4,159,5.0,-0.24487354239306847
24.0,1,1,3,2.0,-0.9489733780243668
45.0,1,4,169,22.0,1.3220340896391944
33.0,0,4,45,9.0,0.44836298379384343
38.0,1,1,44,11.0,0.44214441089635015
42.0,1,4,45,19.0,1.2230167514349728
28.0,0,1,159,3.0,-0.8296880985246116
34.0,1,4,178,9.0,0.6228093080695112
46.0,0,1,3,18.0,0.8093664949943092
35.0,1,4,45,9.0,0.36491127095958187
49.0,0,5,178,22.0,1.2486779612002459
32.0,1,1,169,7.0,-0.14217112395329534
26.0,0,4,44,2.0,-0.9171511747402809
23.0,1,5,178,0.0,-1.1678325963889216
48.0,0,4,169,23.0,1.3706310852455306
38.0,1,1,3,14.0,0.43805627501003513
30.0,0,4,45,6.0,-0.05601318032105061
40.0,1,4,178,17.0,0.7301948493086311
45.0,0,1,159,21.0,1.0247133712593541
36.0,1,4,45,13.0,0.631119931725729
31.0,0,1,169,6.0,-0.17748647621066455
26.0,1,4,45,3.0,-0.833162054371668
30.0,0,4,159,5.0,-0.22825229508063274
24.0,1,1,3,1.0,-1.1072590900170427
45.0,1,4,169,21.0,1.2809799926400027
33.0,0,4,45,9.0,0.42168453833854824
38.0,1,1,44,11.0,0.4306285351602515
26.0,1,4,45,3.0,-0.42663244776115883
28.0,0,1,159,4.0,-0.5888719437565619
48.0,1,5,178,23.0,1.4330087454827316
36.0,0,4,169,14.0,0.5271315738287582
43.0,1,1,45,19.0,0.7504627906041647
33.0,0,4,3,9.0,0.20182727741019818
26.0,1,1,44,3.0,-0.8842157701350387
50.0,0,4,159,22.0,1.327062688710624
41.0,1,5,178,15.0,0.6737094788230672
29.0,0,1,45,6.0,-0.4169207258903823
38.0,1,4,169,14.0,0.6541516831979263
48.0,0,1,159,21.0,0.9516643328400349
31.0,1,4,45,8.0,0.127876162058218
45.0,1,5,178,21.0,1.0863424995737088
35.0,0,4,169,11.0,0.40984237945659346
42.0,1,1,3,16.0,0.4580171262859395
27.0,0,4,45,4.0,-0.576722694854978
33.0,1,1,44,9.0,0.0821197491334527
36.0,0,4,159,11.0,0.4003033957218584
30.0,0,1,169,5.0,-0.25861582077147954
26.0,1,4,45,3.0,-0.47881855797191253
45.0,0,5,159,21.0,1.2985992825162336
38.0,1,4,178,16.0,0.7939160283817103
31.0,0,1,45,7.0,-0.10405357526680882
42.0,1,4,169,19.0,1.1910985825197526
28.0,0,1,3,5.0,-0.6882539513590933
48.0,1,5,178,24.0,1.50830337967059
36.0,0,4,45,13.0,0.5954015238175964
43.0,1,1,159,20.0,0.9328934553901942
33.0,0,4,44,9.0,0.14384484307894146
26.0,1,1,45,4.0,-0.6520557152952899
50.0,0,4,169,21.0,1.216395122886716
27.0,1,4,3,5.0,-0.49981583806406576
38.0,0,1,159,13.0,0.3499790187551073
31.0,0,4,45,7.0,-0.09263366516184432
36.0,1,1,169,13.0,0.41750043682109905
45.0,0,4,178,22.0,1.3416878508954695
42.0,1,1,3,18.0,0.715435335240198
28.0,0,4,45,4.0,-0.5936126459345893
36.0,0,4,159,12.0,0.32111255690995333
43.0,1,1,45,18.0,0.7472767316505108
33.0,0,4,44,9.0,0.14983309846171275
26.0,1,1,3,2.0,-0.9565162766315114
50.0,0,4,169,23.0,1.3447587510917625
41.0,1,5,178,16.0,0.7232853238669719
29.0,0,1,45,6.0,-0.2546428436425255
38.0,1,4,169,15.0,0.6681434722172862
48.0,0,1,159,22.0,1.0568810508155229
28.0,1,1,176,1.0,-1.2211702941732852
32.0,0,4,107,5.0,-0.26151398283173105
26.0,1,1,177,2.0,-1.0292390319049745
33.0,0,4,18,6.0,-0.45344524510004186
29.0,1,1,43,3.0,-0.8373077696366635
42.0,1,5,28,12.0,1.0820048530464448
36.0,0,4,20,8.0,0.3142798039732015
27.0,1,1,176,1.0,-1.2211702941732852
34.0,0,4,107,7.0,0.12234854170489065
29.0,1,1,177,4.0,-0.6453765073683527
41.0,0,5,130,16.0,1.6577986398513773
36.0,1,5,28,12.0,1.0820048530464448
30.0,0,1,177,4.0,-0.6453765073683527
28.0,1,4,192,5.0,-0.6453765073683527
30.0,0,1,70,4.0,-1.0292390319049745
25.0,1,1,91,2.0,-1.2211702941732852
45.0,0,4,140,18.0,0.890073590778134
33.0,1,5,31,9.0,0.12234854170489065
22.0,0,2,71,0.0,-1.413101556441596
36.0,1,1,192,10.0,-0.26151398283173105
29.0,0,4,136,4.0,-0.7413421385025081
42.0,1,5,31,16.0,0.5062110662415124
27.0,0,1,70,2.0,-1.2211702941732852
38.0,1,4,140,11.0,-0.06958272056342019
24.0,0,1,192,1.0,-1.3171359253074406
31.0,1,2,91,4.0,-1.1252046630391297
39.0,0,5,31,13.0,0.3142798039732015
26.0,1,1,71,2.0,-1.2211702941732852
32.0,0,4,136,7.0,-0.6453765073683527
32.0,1,1,91,2.0,-1.3171359253074406
24.0,0,2,71,1.0,-1.5666465662562448
45.0,1,5,140,12.0,0.12234854170489065
29.0,0,4,192,4.0,-0.933273400770819
38.0,1,1,136,8.0,-0.35747961396588646
27.0,0,4,31,5.0,-0.6453765073683527
31.0,0,2,70,3.0,-1.4514878088952583
42.0,1,4,192,10.0,-0.06958272056342019
26.0,0,1,91,2.0,-1.3171359253074406
36.0,1,4,136,7.0,-0.4726383713268729
28.0,1,2,71,1.0,-1.5666465662562448
33.0,0,1,192,5.0,-0.8373077696366635
46.0,1,5,31,15.0,0.6981423285098232
25.0,0,1,91,1.0,-1.413101556441596
37.0,0,4,140,9.0,-0.16554835169757562
30.0,1,4,192,4.0,-0.933273400770819
43.0,0,5,31,14.0,0.5062110662415124
34.0,1,1,91,3.0,-1.2211702941732852
26.0,0,2,71,2.0,-1.5090671875757515
41.0,1,4,136,11.0,0.026382910570735232
29.0,0,4,192,5.0,-0.8373077696366635
35.0,1,1,192,6.0,-0.6453765073683527
27.0,0,2,70,1.0,-1.6050328187099068
40.0,1,5,31,13.0,0.4102454351073569
23.0,0,1,91,1.0,-1.413101556441596
39.0,1,4,136,10.0,-0.16554835169757562
31.0,1,2,71,2.0,-1.5090671875757515
44.0,0,5,140,12.0,0.12234854170489065
28.0,1,4,192,3.0,-1.1252046630391297
32.0,0,1,91,2.0,-1.3171359253074406
45.0,1,4,31,14.0,0.5062110662415124
26.0,0,1,192,3.0,-1.1252046630391297
38.0,1,5,140,11.0,0.026382910570735232
27.0,0,4,136,4.0,-0.8373077696366635
33.0,1,2,70,3.0,-1.4514878088952583
42.0,0,4,31,13.0,0.4102454351073569
29.0,1,1,91,2.0,-1.3171359253074406
36.0,0,4,192,7.0,-0.5494108762341973
30.0,1,2,71,1.0,-1.5666465662562448
43.0,0,5,140,15.0,0.6981423285098232
34.0,1,1,192,4.0,-0.933273400770819
25.0,0,4,71,1.0,-1.5666465662562448
37.0,1,5,31,12.0,0.12234854170489065
24.0,0,1,91,1.0,-1.413101556441596
39.0,1,4,136,9.0,-0.35747961396588646
44.0,0,5,31,14.0,0.5062110662415124
28.0,1,1,192,3.0,-1.1252046630391297
32.0,0,4,140,6.0,-0.6453765073683527
45.0,1,5,31,13.0,0.4102454351073569
38.0,1,4,136,8.0,-0.35747961396588646
27.0,0,2,71,1.0,-1.5666465662562448
33.0,1,1,192,5.0,-0.8373077696366635
42.0,0,4,31,12.0,0.12234854170489065
29.0,1,4,140,4.0,-0.8373077696366635
30.0,1,2,70,2.0,-1.5474534400294135
37.0,1,5,31,11.0,0.026382910570735232
24.0,0,1,192,1.0,-1.413101556441596
44.0,0,5,31,13.0,0.4102454351073569
28.0,1,1,192,4.0,-0.933273400770819
45.0,1,5,31,14.0,0.5062110662415124
28.0,1,1,177,3.0,-1.0292390319049745
37.0,0,4,97,9.0,-0.26151398283173105
43.0,1,5,20,15.0,0.6981423285098232
31.0,0,1,50,4.0,-1.1252046630391297
24.0,1,2,83,1.0,-1.6050328187099068
29.0,0,4,176,5.0,-0.8373077696366635
35.0,1,1,103,8.0,-0.45344524510004186
26.0,0,4,95,2.0,-1.413101556441596
42.0,1,5,20,12.0,0.3142798039732015
34.0,0,1,52,6.0,-0.7413421385025081
27.0,1,2,83,2.0,-1.5090671875757515
38.0,0,4,97,10.0,-0.06958272056342019
30.0,1,1,177,4.0,-0.933273400770819
45.0,1,5,20,18.0,1.2739361153147557
25.0,0,1,87,1.0,-1.5090671875757515
40.0,0,4,52,11.0,0.12234854170489065
33.0,1,1,103,6.0,-0.7413421385025081
29.0,0,2,83,1.0,-1.6050328187099068
44.0,1,5,20,16.0,0.890073590778134
26.0,1,1,176,3.0,-1.0292390319049745
36.0,0,4,95,8.0,-0.5494108762341973
31.0,1,1,103,5.0,-0.8373077696366635
27.0,0,4,50,3.0,-1.2211702941732852
42.0,1,5,20,13.0,0.5062110662415124
28.0,1,2,83,2.0,-1.5090671875757515
39.0,0,4,97,10.0,-0.06958272056342019
31.0,1,1,177,4.0,-0.933273400770819
27.0,1,1,177,3.0,-1.0292390319049745
38.0,0,4,97,9.0,-0.26151398283173105
44.0,1,5,20,15.0,0.6981423285098232
30.0,0,1,50,4.0,-1.1252046630391297
23.0,1,2,83,1.0,-1.6050328187099068
28.0,0,4,176,5.0,-0.8373077696366635
34.0,1,1,103,8.0,-0.45344524510004186
25.0,0,4,95,2.0,-1.413101556441596
41.0,1,5,20,12.0,0.3142798039732015
33.0,0,1,52,6.0,-0.7413421385025081
26.0,1,2,83,2.0,-1.5090671875757515
37.0,0,4,97,10.0,-0.06958272056342019
29.0,1,1,177,4.0,-0.933273400770819
46.0,1,5,20,18.0,1.2739361153147557
26.0,0,1,87,1.0,-1.5090671875757515
39.0,0,4,52,11.0,0.12234854170489065
32.0,1,1,103,6.0,-0.7413421385025081
28.0,0,2,83,1.0,-1.6050328187099068
43.0,1,5,20,16.0,0.890073590778134
27.0,1,1,176,3.0,-1.0292390319049745
35.0,0,4,95,8.0,-0.5494108762341973
30.0,1,1,103,5.0,-0.8373077696366635
26.0,0,4,50,3.0,-1.2211702941732852
41.0,1,5,20,13.0,0.5062110662415124
24.0,1,1,177,2.0,-1.1252046630391297
32.0,0,4,97,7.0,-0.45344524510004186
45.0,1,5,20,16.0,0.890073590778134
28.0,0,1,50,4.0,-1.0292390319049745
22.0,1,2,83,1.0,-1.7009984498440622
36.0,1,1,103,8.0,-0.26151398283173105
27.0,0,1,95,3.0,-1.3171359253074406
42.0,1,5,20,14.0,0.5062110662415124
25.0,1,2,83,2.0,-1.6050328187099068
39.0,0,4,97,11.0,0.12234854170489065
47.0,1,5,20,19.0,1.4658673775830664
40.0,0,4,52,12.0,0.3142798039732015
33.0,1,1,103,7.0,-0.5494108762341973
29.0,0,2,83,1.0,-1.7009984498440622
28.0,1,1,176,3.0,-1.0292390319049745
36.0,0,4,95,9.0,-0.26151398283173105
31.0,1,1,103,6.0,-0.7413421385025081
26.0,1,2,83,2.0,-1.6050328187099068
31.0,1,1,177,5.0,-0.6453765073683527
27.0,0,4,97,3.0,-1.0292390319049745
38.0,1,5,20,12.0,0.3142798039732015
29.0,0,1,50,2.0,-1.3171359253074406
23.0,1,2,83,1.0,-1.7009984498440622
32.0,0,4,176,7.0,-0.45344524510004186
44.0,1,1,103,18.0,1.0820048530464448
26.0,0,1,95,2.0,-1.413101556441596
40.0,1,5,20,15.0,0.6981423285098232
33.0,0,1,52,8.0,-0.35747961396588646
24.0,1,2,83,1.0,-1.7009984498440622
35.0,0,4,97,10.0,-0.06958272056342019
29.0,1,1,177,4.0,-0.8373077696366635
49.0,1,5,20,22.0,2.041661164387999
26.0,0,1,87,2.0,-1.5090671875757515
41.0,0,4,52,13.0,0.5062110662415124
36.0,1,1,103,9.0,-0.06958272056342019
28.0,0,2,83,1.0,-1.7009984498440622
29.0,1,1,176,5.0,-0.6453765073683527
39.0,0,4,95,11.0,0.12234854170489065
32.0,1,1,103,6.0,-0.45344524510004186
28.0,0,4,50,2.0,-1.3171359253074406
34.0,1,1,177,6.0,-0.5494108762341973
31.0,0,4,97,4.0,-0.9908527794513122
41.0,1,5,20,13.0,0.4678248137878502
27.0,0,1,50,2.0,-1.2787496728537784
25.0,1,2,83,1.0,-1.6818053236172312
33.0,0,4,176,8.0,-0.35747961396588646
45.0,1,1,103,19.0,1.1587773579537692
28.0,0,1,95,2.0,-1.393908430214765
42.0,1,5,20,16.0,0.9284598432317962
34.0,0,1,52,9.0,-0.2807071090585621
23.0,1,2,83,1.0,-1.6818053236172312
36.0,0,4,97,11.0,0.06476916302439739
30.0,1,1,177,5.0,-0.7413421385025081
50.0,1,5,20,23.0,2.1376267955221544
27.0,0,1,87,2.0,-1.4898740613489203
43.0,0,4,52,14.0,0.6213698236024988
37.0,1,1,103,10.0,-0.012003341882926937
29.0,0,2,83,1.0,-1.6818053236172312
44.0,1,5,20,17.0,1.0436186005927828
30.0,1,1,176,6.0,-0.5494108762341973
40.0,0,4,95,12.0,0.16073479415855282
33.0,1,1,103,7.0,-0.33828648773905534
29.0,0,4,50,3.0,-1.2403634204001164
43.0,1,5,20,16.0,0.9284598432317962
32.0,0,4,176,8.0,-0.35747961396588646
24.0,1,2,83,1.0,-1.6818053236172312
31.0,0,4,97,5.0,-0.8756940220903257
39.0,1,1,103,13.0,0.25670042529270826
25.0,0,1,50,2.0,-1.2787496728537784
41.0,1,5,20,15.0,0.7941079596439786
35.0,0,1,52,8.0,-0.4150589926463797
26.0,1,2,83,1.0,-1.6818053236172312
37.0,0,4,97,12.0,0.21831417283904606
29.0,1,1,177,4.0,-0.8181146434098324
51.0,1,5,20,24.0,2.4255236889246206
28.0,0,1,87,2.0,-1.4898740613489203
44.0,0,4,52,15.0,0.7365285809634853
38.0,1,1,103,11.0,0.10315541547805956
30.0,0,2,83,1.0,-1.6818053236172312
45.0,1,5,20,19.0,1.4658673775830664
31.0,1,1,176,6.0,-0.5494108762341973
41.0,0,4,95,13.0,0.33347293020003255
34.0,1,1,103,8.0,-0.24232085660489994
30.0,0,4,50,3.0,-1.2403634204001164
44.0,1,5,20,18.0,1.312322367768418
27.0,1,1,176,3.0,-0.9908527794513122
42.0,0,4,97,16.0,0.44863168756101907
35.0,1,5,20,9.0,-0.03119646810975802
33.0,1,2,83,1.0,-1.7009984498440622
36.0,0,1,103,7.0,-0.4342521188732108
43.0,1,5,20,17.0,1.2547429890879245
31.0,0,1,177,5.0,-0.7605352647293392
49.0,1,4,97,23.0,2.1952061742026476
28.0,0,1,87,2.0,-1.4706809351220893
45.0,0,5,20,19.0,1.5234467562635599
30.0,0,2,83,1.0,-1.7009984498440622
45.0,1,4,97,20.0,1.7345711447587018
27.0,0,1,176,3.0,-1.0100459056781432
41.0,1,5,20,15.0,0.8324942120976407
35.0,0,4,52,8.0,-0.4150589926463797
26.0,1,1,177,1.0,-1.1827840417196231
30.0,0,1,95,4.0,-1.0676252843586365
48.0,1,5,20,22.0,2.022468038161168
32.0,0,4,97,6.0,-0.702955886048846
34.0,1,1,103,8.0,-0.18474147792440668
31.0,0,2,83,1.0,-1.7009984498440622
44.0,0,5,20,18.0,1.331515493995249
31.0,0,4,31,6.0,-0.35747961396588646
28.0,1,1,91,2.0,-1.3171359253074406
29.0,0,4,136,4.0,-0.8373077696366635
35.0,1,5,140,10.0,-0.06958272056342019
26.0,0,2,192,1.0,-1.5090671875757515
32.0,1,1,71,5.0,-1.0292390319049745
27.0,0,4,192,2.0,-1.2211702941732852
39.0,1,4,31,12.0,0.12234854170489065
23.0,0,1,71,1.0,-1.5666465662562448
30.0,1,1,192,4.0,-0.933273400770819
26.0,0,1,70,1.0,-1.5090671875757515
42.0,1,5,140,14.0,0.3142798039732015
34.0,0,4,31,9.0,-0.35747961396588646
28.0,1,2,93,2.0,-1.3555221777611028
31.0,0,1,70,4.0,-1.2211702941732852
29.0,1,1,192,3.0,-1.0292390319049745
35.0,0,4,136,8.0,-0.6453765073683527
26.0,1,4,91,2.0,-1.2595565466269474
40.0,0,5,31,13.0,0.21831417283904606
34.0,1,1,192,7.0,-0.5494108762341973
26.0,0,1,71,2.0,-1.3747153039879338
29.0,1,4,136,4.0,-0.8373077696366635
25.0,0,2,92,1.0,-1.5666465662562448
33.0,1,4,192,6.0,-0.6453765073683527
27.0,0,1,71,2.0,-1.3747153039879338
31.0,1,5,140,7.0,-0.45344524510004186
24.0,1,1,91,1.0,-1.413101556441596
42.0,0,4,136,12.0,-0.06958272056342019
34.0,1,4,31,10.0,-0.16554835169757562
28.0,0,1,71,3.0,-1.2211702941732852
33.0,1,5,31,8.0,-0.35747961396588646
29.0,0,1,192,3.0,-1.0292390319049745
25.0,1,2,71,2.0,-1.413101556441596
26.0,0,4,136,2.0,-1.1252046630391297
30.0,1,1,192,5.0,-0.8373077696366635
24.0,0,2,92,1.0,-1.5666465662562448
31.0,1,4,31,7.0,-0.45344524510004186
27.0,0,1,192,2.0,-1.2211702941732852
26.0,0,1,71,1.0,-1.5666465662562448
32.0,1,4,192,6.0,-0.6453765073683527
25.0,1,2,192,2.0,-1.3171359253074406
33.0,0,1,71,7.0,-0.933273400770819
27.0,1,4,192,2.0,-1.2211702941732852
28.0,0,1,70,3.0,-1.3171359253074406
34.0,1,5,31,9.0,-0.35747961396588646
30.0,0,1,192,4.0,-0.933273400770819
26.0,1,1,70,2.0,-1.4514878088952583
42.0,0,4,140,13.0,0.21831417283904606
34.0,1,4,192,8.0,-0.45344524510004186
28.0,0,2,93,2.0,-1.3555221777611028
31.0,1,1,71,5.0,-1.0292390319049745
29.0,0,4,192,3.0,-1.0292390319049745
26.0,0,1,192,1.0,-1.5090671875757515
32.0,1,4,31,6.0,-0.35747961396588646
27.0,0,4,71,2.0,-1.3747153039879338
39.0,1,4,136,11.0,-0.26151398283173105
23.0,0,1,70,1.0,-1.5666465662562448
42.0,1,5,31,14.0,0.3142798039732015
28.0,1,2,91,2.0,-1.3555221777611028
25.0,0,2,70,1.0,-1.5666465662562448
31.0,0,1,70,4.0,-2.1712300424014237
27.0,0,1,88,1.0,-1.3171359253074406
33.0,1,4,130,8.0,0.12234854170489065
29.0,0,1,95,3.0,-1.1252046630391297
31.0,1,1,74,5.0,-0.8373077696366635
38.0,0,5,162,12.0,0.5062110662415124
25.0,1,2,83,1.0,-1.6050328187099068
32.0,0,4,169,7.0,-0.26151398283173105
27.0,1,1,64,2.0,-1.2211702941732852
29.0,0,1,74,3.0,-1.1252046630391297
35.0,1,5,162,10.0,0.3142798039732015
26.0,0,1,88,1.0,-1.3171359253074406
28.0,0,1,88,2.0,-1.2595565466269474
36.0,1,4,130,9.0,0.21831417283904606
30.0,0,1,95,4.0,-1.0868184105854677
32.0,1,1,74,6.0,-0.7989215171830014
39.0,0,5,162,13.0,0.6021766973756677
26.0,1,2,83,2.0,-1.5858396924830758
33.0,0,4,169,8.0,-0.16554835169757562
28.0,1,1,64,3.0,-1.1827840417196231
30.0,0,1,74,4.0,-1.0868184105854677
36.0,1,5,162,11.0,0.4102454351073569
27.0,0,1,88,2.0,-1.2595565466269474
34.0,1,4,130,9.0,0.21831417283904606
26.0,1,1,157,5.0,-0.5494108762341973
28.0,0,4,97,7.0,-0.06958272056342019
34.0,1,5,34,12.0,1.0820048530464448
31.0,1,1,117,9.0,0.5062110662415124
24.0,0,2,116,1.0,-1.6050328187099068
29.0,1,1,24,6.0,-0.35747961396588646
27.0,0,4,10,4.0,-0.6453765073683527
33.0,1,5,117,10.0,0.7941079596439786
21.0,0,2,84,0.0,-1.7009984498440622
36.0,1,1,119,11.0,0.890073590778134
25.0,0,1,97,3.0,-0.933273400770819
30.0,1,4,42,7.0,0.12234854170489065
28.0,0,5,34,6.0,-0.16554835169757562
22.0,0,2,116,0.0,-1.7009984498440622
45.0,1,1,42,21.0,2.6174549511929315
31.0,0,4,10,8.0,0.12234854170489065
28.0,1,1,24,4.0,-0.6453765073683527
29.0,1,1,157,6.0,-0.26151398283173105
35.0,0,5,34,12.0,1.0820048530464448
27.0,1,2,121,3.0,-1.2211702941732852
33.0,0,1,97,9.0,0.5062110662415124
25.0,0,1,97,2.0,-1.1252046630391297
29.0,0,4,10,4.0,-0.6453765073683527
23.0,1,1,177,1.0,-1.0292390319049745
39.0,0,4,97,12.0,0.6981423285098232
28.0,1,1,41,4.0,-0.6453765073683527
31.0,0,5,115,8.0,0.12234854170489065
35.0,1,1,110,10.0,0.3142798039732015
27.0,0,1,46,2.0,-1.2211702941732852
42.0,1,4,169,18.0,1.2739361153147557
29.0,0,1,25,3.0,-1.0292390319049745
33.0,1,1,97,7.0,-0.06958272056342019
24.0,0,2,116,0.0,-1.7009984498440622
30.0,1,4,41,6.0,-0.26151398283173105
26.0,0,1,174,3.0,-1.1252046630391297
32.0,1,5,20,9.0,0.5062110662415124
22.0,0,2,112,0.0,-1.7009984498440622
37.0,1,1,107,12.0,0.6981423285098232
38.0,0,4,96,14.0,1.0820048530464448
25.0,1,1,88,1.0,-1.1252046630391297
29.0,0,1,95,4.0,-0.933273400770819
27.0,1,1,106,3.0,-1.0292390319049745
34.0,0,5,114,10.0,0.6981423285098232
26.0,1,1,94,2.0,-1.2211702941732852
31.0,0,4,42,7.0,0.12234854170489065
28.0,1,1,177,3.0,-0.5494108762341973
36.0,0,4,96,11.0,0.890073590778134
25.0,1,1,41,1.0,-1.1252046630391297
29.0,0,5,20,5.0,-0.26151398283173105
33.0,1,1,110,8.0,0.12234854170489065
43.0,1,4,169,19.0,1.3699017464489112
30.0,0,1,25,4.0,-0.933273400770819
34.0,1,1,97,9.0,0.3142798039732015
25.0,0,2,116,0.0,-1.7009984498440622
31.0,1,4,41,6.0,-0.26151398283173105
27.0,0,1,174,3.0,-1.1252046630391297
33.0,1,5,115,10.0,0.6981423285098232
23.0,0,2,112,0.0,-1.7009984498440622
38.0,1,1,107,13.0,0.890073590778134
39.0,0,4,97,14.0,1.0820048530464448
26.0,1,1,88,1.0,-1.1252046630391297
30.0,0,1,95,4.0,-0.933273400770819
28.0,1,1,106,3.0,-1.0292390319049745
35.0,0,5,114,11.0,0.890073590778134
27.0,1,1,94,2.0,-1.2211702941732852
32.0,0,4,42,8.0,0.12234854170489065
27.0,1,1,177,3.0,-0.5494108762341973
35.0,0,4,96,11.0,0.890073590778134
24.0,1,1,41,1.0,-1.1252046630391297
28.0,0,5,20,5.0,-0.26151398283173105
32.0,1,1,110,8.0,0.12234854170489065
26.0,0,1,46,2.0,-1.2211702941732852
41.0,1,4,169,19.0,1.3699017464489112
29.0,0,1,25,4.0,-0.933273400770819
33.0,1,1,97,9.0,0.3142798039732015
32.0,1,5,115,10.0,0.6981423285098232
37.0,1,1,107,13.0,0.890073590778134
38.0,0,4,97,14.0,1.0820048530464448
27.0,1,1,88,1.0,-1.1252046630391297
31.0,0,1,95,4.0,-0.933273400770819
29.0,1,1,106,3.0,-1.0292390319049745
34.0,0,5,114,11.0,0.890073590778134
31.0,0,4,42,8.0,0.12234854170489065
26.0,0,1,173,7.0,-0.26151398283173105
31.0,1,1,177,7.0,0.12234854170489065
33.0,1,4,97,9.0,0.3142798039732015
29.0,0,2,15,3.0,-1.5090671875757515
36.0,1,5,115,13.0,0.890073590778134
27.0,0,1,95,2.0,-1.2211702941732852
31.0,1,1,110,6.0,-0.26151398283173105
28.0,0,4,41,4.0,-0.6453765073683527
25.0,1,1,177,1.0,-1.0292390319049745
30.0,0,1,119,5.0,-0.45344524510004186
34.0,1,5,114,11.0,1.0820048530464448
28.0,0,1,94,3.0,-1.0292390319049745
32.0,1,1,107,7.0,0.12234854170489065
24.0,0,2,112,0.0,-1.7009984498440622
37.0,1,4,96,14.0,1.2739361153147557
39.0,0,1,42,16.0,1.6577986398513773
26.0,1,1,106,2.0,-1.2211702941732852
31.0,0,5,20,8.0,0.5062110662415124
29.0,1,1,94,4.0,-0.8373077696366635
33.0,0,4,97,9.0,0.3142798039732015
27.0,1,1,177,3.0,-0.6453765073683527
36.0,0,5,115,12.0,0.890073590778134
25.0,1,1,107,1.0,-1.1252046630391297
30.0,0,1,95,5.0,-0.5494108762341973
28.0,0,1,95,3.0,-1.0292390319049745
33.0,1,4,177,9.0,0.12234854170489065
26.0,0,1,46,1.0,-1.3171359253074406
29.0,1,1,107,5.0,-0.6453765073683527
35.0,0,5,115,11.0,0.6981423285098232
27.0,1,1,177,2.0,-0.933273400770819
31.0,0,1,97,7.0,-0.26151398283173105
28.0,1,4,41,4.0,-0.45344524510004186
24.0,0,1,94,0.0,-1.413101556441596
30.0,1,1,110,6.0,-0.06958272056342019
34.0,0,5,114,12.0,1.0820048530464448
27.0,1,1,177,3.0,-0.7413421385025081
33.0,0,4,97,8.0,0.12234854170489065
25.0,0,2,15,1.0,-1.6050328187099068
36.0,1,5,115,13.0,1.2739361153147557
39.0,0,1,42,15.0,1.6577986398513773
26.0,1,1,106,1.0,-1.2211702941732852
28.0,1,1,94,3.0,-0.933273400770819
32.0,0,1,107,7.0,-0.06958272056342019
24.0,1,2,21,0.0,-1.643419071163569
37.0,1,4,96,14.0,1.4658673775830664
39.0,0,1,42,16.0,1.8497299021196882
26.0,1,1,106,2.0,-1.1252046630391297
36.0,0,5,115,12.0,1.0820048530464448
25.0,1,1,107,1.0,-1.0292390319049745
30.0,0,1,95,5.0,-0.45344524510004186
34.0,1,5,114,11.0,0.890073590778134
29.0,1,1,177,3.0,-0.7413421385025081
32.0,0,4,97,8.0,0.12234854170489065
27.0,1,1,107,2.0,-0.933273400770819
30.0,0,5,20,6.0,-0.26151398283173105
36.0,1,1,41,11.0,0.6981423285098232
27.0,1,6,95,7.0,0.12234854170489065
33.0,1,4,177,8.0,0.12234854170489065
27.0,0,1,107,2.0,-0.933273400770819
30.0,1,5,20,6.0,-0.26151398283173105
36.0,0,1,41,11.0,0.6981423285098232
29.0,1,1,94,3.0,-0.933273400770819
32.0,0,4,177,9.0,0.12234854170489065
26.0,1,1,46,1.0,-1.3171359253074406
29.0,0,1,107,5.0,-0.6453765073683527
35.0,1,5,115,11.0,0.6981423285098232
34.0,1,4,177,9.0,0.21831417283904606
28.0,0,1,107,3.0,-0.8373077696366635
31.0,1,5,20,7.0,-0.06958272056342019
37.0,0,1,41,12.0,0.890073590778134
30.0,1,1,94,4.0,-0.7413421385025081
33.0,0,4,177,8.0,0.12234854170489065
27.0,1,1,46,2.0,-1.2211702941732852
30.0,0,1,107,5.0,-0.5494108762341973
36.0,1,5,115,11.0,0.7941079596439786
28.0,1,1,177,3.0,-0.8373077696366635
32.0,0,1,97,8.0,0.026382910570735232
29.0,1,4,41,5.0,-0.35747961396588646
25.0,0,1,94,0.0,-1.413101556441596
31.0,1,1,110,6.0,0.026382910570735232
35.0,0,5,114,12.0,1.1779704841806002
33.0,0,4,97,9.0,0.4102454351073569
29.0,1,1,94,4.0,-0.7413421385025081
36.0,1,5,115,13.0,1.3699017464489112
40.0,0,1,42,15.0,1.8497299021196882
27.0,1,1,106,1.0,-1.3171359253074406
32.0,0,5,20,9.0,0.6021766973756677
28.0,1,1,94,3.0,-0.8373077696366635
32.0,0,1,107,7.0,0.12234854170489065
38.0,1,4,96,14.0,1.5618330087172219
40.0,0,1,42,16.0,1.9456955332538437
27.0,1,1,106,2.0,-1.1252046630391297
36.0,0,5,115,13.0,1.3699017464489112
30.0,0,1,95,5.0,-0.35747961396588646
34.0,1,5,114,12.0,1.0820048530464448
28.0,0,1,94,3.0,-0.933273400770819
26.0,0,4,177,2.0,-0.7413421385025081
39.0,1,5,115,14.0,1.3699017464489112
32.0,0,1,97,7.0,0.12234854170489065
28.0,1,1,46,3.0,-1.0292390319049745
35.0,0,4,20,10.0,0.6021766973756677
33.0,0,4,107,8.0,0.4102454351073569
27.0,1,1,177,2.0,-0.8373077696366635
36.0,0,5,114,12.0,1.1779704841806002
29.0,1,1,116,2.0,-1.3171359253074406
45.0,0,4,119,8.0,-0.6453765073683527
37.0,1,5,97,7.0,-0.45344524510004186
23.0,0,2,118,1.0,-1.5090671875757515
41.0,1,1,42,12.0,0.12234854170489065
26.0,0,1,24,4.0,-1.0292390319049745
33.0,1,4,10,5.0,-0.8373077696366635
28.0,0,2,121,3.0,-1.413101556441596
50.0,1,5,157,15.0,0.6981423285098232
35.0,0,1,84,2.0,-1.5090671875757515
42.0,1,4,34,13.0,0.3142798039732015
27.0,0,1,116,1.0,-1.5090671875757515
48.0,1,5,117,18.0,1.2739361153147557
31.0,0,2,42,4.0,-1.0292390319049745
36.0,1,1,119,6.0,-0.7413421385025081
25.0,0,4,24,3.0,-1.2211702941732852
39.0,1,5,97,10.0,-0.26151398283173105
30.0,0,2,118,2.0,-1.413101556441596
44.0,1,1,10,11.0,-0.06958272056342019
29.0,0,4,121,4.0,-1.1252046630391297
47.0,1,5,157,17.0,1.0820048530464448
32.0,0,1,84,3.0,-1.413101556441596
38.0,1,4,34,9.0,-0.35747961396588646
24.0,0,2,116,1.0,-1.5090671875757515
40.0,1,5,117,14.0,0.5062110662415124
34.0,0,1,42,5.0,-0.8373077696366635
26.0,1,4,24,3.0,-1.2211702941732852
31.0,0,5,97,6.0,-0.7413421385025081
27.0,1,2,118,2.0,-1.413101556441596
43.0,0,1,10,12.0,0.12234854170489065
28.0,1,4,121,2.0,-1.413101556441596
46.0,0,5,157,16.0,0.890073590778134
33.0,1,1,84,4.0,-1.1252046630391297
39.0,0,4,34,10.0,-0.26151398283173105
25.0,1,2,116,1.0,-1.5090671875757515
41.0,0,1,119,8.0,-0.6453765073683527
35.0,1,5,97,7.0,-0.45344524510004186
23.0,0,1,118,1.0,-1.5090671875757515
42.0,1,4,42,13.0,0.3142798039732015
32.0,1,4,10,5.0,-0.8373077696366635
27.0,0,2,121,3.0,-1.413101556441596
36.0,0,1,84,2.0,-1.5090671875757515
48.0,1,4,34,18.0,1.2739361153147557
31.0,0,2,116,2.0,-1.413101556441596
29.0,1,1,117,6.0,-0.7413421385025081
45.0,0,5,42,12.0,0.12234854170489065
25.0,1,4,24,3.0,-1.2211702941732852
37.0,0,1,97,7.0,-0.45344524510004186
23.0,1,2,118,1.0,-1.5090671875757515
41.0,0,1,10,11.0,-0.06958272056342019
26.0,1,4,121,3.0,-1.3171359253074406
33.0,0,5,157,5.0,-0.8373077696366635
28.0,1,1,84,1.0,-1.6050328187099068
42.0,0,4,34,13.0,0.3142798039732015
27.0,1,2,42,4.0,-1.0292390319049745
50.0,0,1,119,15.0,0.6981423285098232
35.0,1,5,97,8.0,-0.6453765073683527
24.0,0,1,118,1.0,-1.5090671875757515
46.0,1,4,10,16.0,0.890073590778134
29.0,0,2,121,2.0,-1.413101556441596
31.0,0,1,84,3.0,-1.413101556441596
25.0,0,2,116,1.0,-1.5090671875757515
39.0,1,1,117,10.0,-0.26151398283173105
33.0,0,5,42,5.0,-0.8373077696366635
27.0,1,4,24,3.0,-1.2211702941732852
43.0,0,1,97,12.0,0.12234854170489065
28.0,1,2,118,2.0,-1.413101556441596
31.0,1,1,116,3.0,-1.2211702941732852
46.0,0,4,97,14.0,0.5062110662415124
38.0,0,1,42,10.0,-0.26151398283173105
24.0,1,5,24,1.0,-1.6050328187099068
33.0,0,4,10,6.0,-0.7413421385025081
29.0,1,2,121,2.0,-1.413101556441596
50.0,0,1,119,18.0,1.2739361153147557
35.0,1,5,157,8.0,-0.6453765073683527
41.0,1,4,34,12.0,0.12234854170489065
26.0,0,2,42,3.0,-1.3171359253074406
32.0,1,1,117,7.0,-0.45344524510004186
27.0,0,5,97,4.0,-1.1252046630391297
43.0,1,4,10,16.0,0.890073590778134
28.0,0,1,121,2.0,-1.413101556441596
31.0,0,2,84,3.0,-1.413101556441596
39.0,1,1,119,11.0,-0.06958272056342019
33.0,0,5,42,6.0,-0.7413421385025081
50.0,0,4,10,15.0,0.6981423285098232
36.0,1,1,121,5.0,-0.8373077696366635
48.0,0,5,157,19.0,1.4658673775830664
31.0,1,2,84,3.0,-1.413101556441596
29.0,0,1,117,6.0,-0.7413421385025081
45.0,1,4,34,14.0,0.5062110662415124
35.0,0,5,97,8.0,-0.6453765073683527
23.0,1,1,118,1.0,-1.5090671875757515
42.0,0,4,119,13.0,0.3142798039732015
26.0,1,2,24,2.0,-1.413101556441596
32.0,0,1,10,7.0,-0.45344524510004186
27.0,1,5,121,4.0,-1.1252046630391297
50.0,0,4,157,18.0,1.2739361153147557
36.0,1,1,84,3.0,-1.3171359253074406
48.0,0,5,34,19.0,1.4658673775830664
31.0,1,2,116,3.0,-1.2211702941732852
29.0,0,1,42,4.0,-1.1252046630391297
45.0,1,4,97,13.0,0.3142798039732015
25.0,0,2,118,1.0,-1.5090671875757515
41.0,1,1,10,12.0,0.12234854170489065
35.0,0,5,157,9.0,-0.35747961396588646
23.0,1,1,121,1.0,-1.5090671875757515
42.0,0,4,24,14.0,0.5062110662415124
26.0,1,2,119,2.0,-1.413101556441596
32.0,0,1,34,8.0,-0.6453765073683527
27.0,1,5,97,4.0,-1.1252046630391297
50.0,0,4,10,19.0,1.4658673775830664
36.0,1,1,117,6.0,-0.7413421385025081
48.0,0,5,157,17.0,1.0820048530464448
37.0,1,4,97,11.0,-0.06958272056342019
26.0,0,1,121,2.0,-1.413101556441596
42.0,1,5,10,15.0,0.6981423285098232
33.0,0,2,118,4.0,-1.1252046630391297
29.0,1,1,119,5.0,-0.8373077696366635
45.0,0,4,34,16.0,0.890073590778134
24.0,1,2,116,1.0,-1.5090671875757515
39.0,0,1,42,10.0,-0.26151398283173105
31.0,1,5,157,7.0,-0.45344524510004186
27.0,0,4,24,3.0,-1.2211702941732852
43.0,1,1,10,14.0,0.5062110662415124
28.0,0,2,121,2.0,-1.413101556441596
50.0,1,5,97,18.0,1.2739361153147557
35.0,0,1,118,7.0,-0.45344524510004186
23.0,1,1,119,1.0,-1.5090671875757515
41.0,0,4,34,12.0,0.12234854170489065
26.0,1,2,42,3.0,-1.3171359253074406
32.0,0,1,117,8.0,-0.6453765073683527
50.0,0,4,10,18.0,1.2739361153147557
36.0,1,1,121,6.0,-0.7413421385025081
29.0,0,1,117,5.0,-0.8373077696366635
45.0,1,4,34,15.0,0.6981423285098232
38.0,1,4,97,12.0,0.12234854170489065
27.0,0,1,121,3.0,-1.3171359253074406
43.0,1,5,10,16.0,0.890073590778134
34.0,0,2,118,5.0,-0.8373077696366635
30.0,1,1,119,6.0,-0.7413421385025081
46.0,0,4,34,17.0,1.0820048530464448
40.0,0,1,42,11.0,-0.06958272056342019
32.0,1,5,157,8.0,-0.6453765073683527
28.0,0,4,24,4.0,-1.1252046630391297
44.0,1,1,10,15.0,0.6981423285098232
51.0,1,5,97,19.0,1.4658673775830664
36.0,0,1,118,8.0,-0.6453765073683527
24.0,1,1,119,1.0,-1.5090671875757515
27.0,1,2,42,3.0,-1.3171359253074406
33.0,0,1,117,7.0,-0.45344524510004186
28.0,1,5,97,4.0,-1.1252046630391297
51.0,0,4,10,19.0,1.4658673775830664
37.0,1,1,121,7.0,-0.45344524510004186
49.0,0,5,157,20.0,1.6577986398513773
32.0,1,2,84,3.0,-1.413101556441596
30.0,0,1,117,5.0,-0.8373077696366635
46.0,1,4,34,16.0,0.890073590778134
26.0,0,2,116,1.0,-1.5090671875757515
42.0,1,1,42,13.0,0.3142798039732015
36.0,0,5,97,9.0,-0.35747961396588646
24.0,1,1,118,1.0,-1.5090671875757515
43.0,0,4,119,14.0,0.5062110662415124
27.0,1,2,24,2.0,-1.413101556441596
33.0,0,1,10,7.0,-0.45344524510004186
28.0,1,5,121,4.0,-1.1252046630391297
51.0,0,4,157,19.0,1.4658673775830664
37.0,1,1,84,6.0,-0.7413421385025081
49.0,0,5,34,20.0,1.6577986398513773
32.0,1,2,116,3.0,-1.2211702941732852
30.0,0,1,42,4.0,-1.1252046630391297
46.0,1,4,97,14.0,0.5062110662415124
26.0,0,2,118,1.0,-1.5090671875757515
42.0,1,1,10,13.0,0.3142798039732015
36.0,0,5,157,10.0,-0.26151398283173105
24.0,1,1,121,1.0,-1.5090671875757515
43.0,0,4,24,15.0,0.6981423285098232
27.0,1,2,119,2.0,-1.413101556441596
33.0,0,1,34,8.0,-0.6453765073683527
37.0,1,1,117,7.0,-0.45344524510004186
30.0,0,1,119,5.0,-0.8373077696366635
