Company,TypeName,Cpu,Ram,Gpu,OpSys,Weight,Price_euros,SSD,HDD,IPS,TouchScreen
1,4,2,0.9080309925141961,1,0,-1.6142655383826972,0.252466658315446,-0.8605734531100083,-0.8990280712988121,0.0,0.0
6,3,2,0.9080309925141961,1,1,-0.3794242022804348,-0.5383016989540813,1.1414583805329575,-0.8990280712988121,0.0,0.0
0,3,0,-0.9705639733473114,0,2,0.1905025682283017,-0.9654933471672296,-0.8605734531100083,0.11654751005926492,0.0,0.0
1,4,2,0.9080309925141961,1,0,-1.6142655383826972,0.8865655299717169,-0.8605734531100083,-0.8990280712988121,0.0,0.0
6,3,2,-0.9705639733473114,1,1,-0.3794242022804348,-0.9803840274763737,-0.8605734531100083,0.11654751005926492,0.0,0.0
6,3,1,-0.9705639733473114,1,1,-0.3794242022804348,-1.099777990414117,-0.8605734531100083,0.11654751005926492,0.0,0.0
4,3,1,-0.9705639733473114,0,2,0.42797205594027543,-0.7240690385484847,1.1414583805329575,-0.8990280712988121,0.0,0.0
4,3,3,0.9080309925141961,0,2,0.42797205594027543,-0.12331552640416582,1.1414583805329575,-0.8990280712988121,0.0,0.0
7,3,1,0.9080309925141961,2,1,0.42797205594027543,-0.72382492903522,-0.8605734531100083,1.1321230914173421,0.0,0.0
2,2,4,-1.909861456278065,1,2,-2.4691556941458024,-1.4734852442709792,-0.8605734531100083,-0.8990280712988121,0.0,0.0
6,3,0,-0.9705639733473114,0,1,-0.3794242022804348,-1.3121288560030413,-0.8605734531100083,0.11654751005926492,0.0,0.0
6,4,3,0.9080309925141961,1,2,-0.2606894584244484,-0.3332497078117701,1.1414583805329575,-0.8990280712988121,0.0,0.0
4,3,1,-0.9705639733473114,1,2,0.6654415436522482,-0.9199913338946977,-0.8605734531100083,1.1321230914173421,0.0,0.0
1,4,2,0.9080309925141961,1,0,-1.5905185896115,0.740832150552717,-0.8605734531100083,-0.8990280712988121,0.0,0.0
4,3,2,0.9080309925141961,0,2,0.42797205594027543,0.010944705891395075,1.1414583805329575,-0.8990280712988121,0.0,0.0
4,4,3,0.9080309925141961,1,2,-0.3319303047380405,1.2266100819493828,3.143490214175923,-0.8990280712988121,0.0,0.0
6,3,2,0.9080309925141961,2,2,1.1403805190761955,0.245289838625465,-0.8605734531100083,1.1321230914173421,0.0,0.0
3,3,4,-0.9705639733473114,1,2,-0.30818335596684315,-1.3438875036787732,-0.8605734531100083,-0.8990280712988121,0.0,0.0
2,3,0,-1.909861456278065,0,2,-0.8781101264755796,-1.4561534688291884,-0.8605734531100083,-0.8990280712988121,0.0,0.0
6,3,0,-0.9705639733473114,0,2,1.63906644327134,-0.8702906369940137,-0.8605734531100083,0.11654751005926492,0.0,0.0
1,4,2,0.9080309925141961,1,0,-1.5905185896115,0.4942815421554143,-0.8605734531100083,-0.8990280712988121,0.0,0.0
7,3,4,-0.9705639733473114,1,2,-1.376796050670724,-1.3340987121968604,-0.8605734531100083,-0.8990280712988121,0.0,0.0
0,3,1,-0.9705639733473114,1,1,0.1905025682283017,-1.0460494865445662,-0.8605734531100083,1.1321230914173421,0.0,0.0
6,3,2,-0.9705639733473114,1,2,-0.3794242022804348,-0.7489926198528061,-0.8605734531100083,1.1321230914173421,0.0,0.0
6,3,2,0.9080309925141961,2,2,0.1905025682283017,0.20379122137047345,1.1414583805329575,-0.8990280712988121,0.0,0.0
2,3,1,-0.9705639733473114,1,1,-0.04696691948367205,-0.9923453936263418,-0.8605734531100083,1.1321230914173421,0.0,0.0
2,3,2,0.9080309925141961,2,1,0.6654415436522482,-0.665263056803029,-0.8605734531100083,1.1321230914173421,0.0,0.0
7,3,1,-0.9705639733473114,1,1,0.42797205594027543,-1.041167296279273,0.1404424637114745,-0.8990280712988121,0.0,0.0
2,1,0,0.9080309925141961,0,2,2.802666933060011,1.2290511770820294,1.1414583805329575,1.1321230914173421,0.0,0.0
4,3,2,-0.9705639733473114,0,2,0.6654415436522482,-0.38207161046470134,1.1414583805329575,-0.8990280712988121,0.0,0.0
2,3,4,-0.9705639733473114,2,2,1.8527889822121157,-0.8043810684125565,-0.8605734531100083,1.1321230914173421,0.0,0.0
6,3,0,-0.9705639733473114,0,2,-0.3794242022804348,-0.9691794008175258,1.1414583805329575,-0.8990280712988121,0.0,0.0
6,3,3,0.9080309925141961,1,2,-1.258061306814737,0.7505965310833033,3.143490214175923,-0.8990280712988121,0.0,0.0
0,3,1,-0.9705639733473114,1,2,0.9029110313642219,-1.0045508692895746,-0.8605734531100083,1.1321230914173421,0.0,0.0
4,3,3,0.9080309925141961,0,2,0.2617434145418933,-0.06765855737982432,1.1414583805329575,-0.8990280712988121,0.0,0.0
6,3,1,-0.9705639733473114,1,2,-0.2606894584244484,-0.8702906369940137,0.1404424637114745,-0.8990280712988121,0.0,0.0
2,3,2,-0.9705639733473114,1,2,-0.04696691948367205,-0.5109858444197661,1.1414583805329575,-0.8990280712988121,0.0,0.0
2,3,1,-0.9705639733473114,1,1,-0.04696691948367205,-0.9288769201775312,1.1414583805329575,-0.8990280712988121,0.0,0.0
4,4,2,0.9080309925141961,1,2,-0.7593753826195928,0.20379122137047345,1.1414583805329575,-0.8990280712988121,0.0,0.0
2,3,2,0.9080309925141961,1,2,-1.4717838457555135,0.3551391195945603,1.1414583805329575,-0.8990280712988121,0.0,0.0
6,3,2,0.9080309925141961,1,2,-0.3794242022804348,-0.2575757586997267,1.1414583805329575,-0.8990280712988121,0.0,0.0
6,3,1,-0.9705639733473114,0,2,-0.3794242022804348,-0.8710473764851341,-0.8605734531100083,0.11654751005926492,0.0,0.0
6,3,4,-0.9705639733473114,1,2,-1.376796050670724,-1.3829206148497917,-0.6103194739046376,-0.8990280712988121,0.0,0.0
7,3,2,-0.9705639733473114,1,2,-0.2844364071956458,-0.6017701724028919,-0.8605734531100083,1.1321230914173421,0.0,0.0
2,1,3,2.786625958375703,2,1,2.327727957636063,0.37466788065573275,-0.8605734531100083,1.1321230914173421,0.0,0.0
4,3,3,0.9080309925141961,0,2,0.42797205594027543,0.1818213651766544,1.1414583805329575,-0.8990280712988121,0.0,0.0
8,1,2,0.9080309925141961,2,2,1.6153194945001432,0.7310677700221307,0.1404424637114745,1.1321230914173421,0.0,0.0
0,3,1,0.9080309925141961,1,2,0.1905025682283017,-0.9923453936263418,-0.8605734531100083,1.1321230914173421,0.0,0.0
2,1,3,0.9080309925141961,2,2,0.42797205594027543,0.37466788065573275,-0.8605734531100083,1.1321230914173421,0.0,0.0
7,3,2,0.9080309925141961,1,1,0.42797205594027543,-0.6750030263822887,-0.8605734531100083,3.1632742541334964,0.0,0.0
4,3,3,0.9080309925141961,1,2,0.0005269780587226993,0.14520493818695596,0.1404424637114745,1.1321230914173421,0.0,0.0
0,3,1,-0.9705639733473114,2,2,0.42797205594027543,-0.6481509799231766,-0.8605734531100083,1.1321230914173421,0.0,0.0
6,3,2,0.9080309925141961,2,2,1.1403805190761955,0.4430185443698365,0.1404424637114745,1.1321230914173421,0.0,0.0
6,3,2,0.9080309925141961,1,2,-0.9256040240179744,0.15741041385018878,1.1414583805329575,-0.8990280712988121,0.0,0.0
7,3,0,-0.9705639733473114,0,2,0.42797205594027543,-0.9679344422998761,0.1404424637114745,-0.8990280712988121,0.0,0.0
0,3,0,-0.9705639733473114,0,2,0.1905025682283017,-0.9776988228304624,-0.8605734531100083,1.1321230914173421,0.0,0.0
6,3,2,0.9080309925141961,1,2,-0.14195471456846154,-0.47973982672189025,1.1414583805329575,-0.8990280712988121,0.0,0.0
2,1,0,0.9080309925141961,0,2,1.0216457752202093,-0.23560590250590766,-0.8605734531100083,1.1321230914173421,0.0,0.0
0,3,3,0.9080309925141961,2,2,0.42797205594027543,-0.2600168538323733,-0.8605734531100083,1.1321230914173421,0.0,0.0
4,1,2,0.9080309925141961,2,2,1.4965847506441556,0.975177283286787,1.1414583805329575,-0.8990280712988121,0.0,0.0
2,4,3,0.9080309925141961,1,2,-1.8279880773234736,0.6187773939203889,1.1414583805329575,-0.8990280712988121,0.0,0.0
4,3,3,0.9080309925141961,0,1,0.42797205594027543,-0.47751843015118195,-0.8605734531100083,1.1321230914173421,0.0,0.0
4,3,1,-0.9705639733473114,0,1,0.42797205594027543,-0.7580002608922719,1.1414583805329575,-0.8990280712988121,0.0,0.0
2,3,1,-0.031266490416557664,2,2,-0.04696691948367205,-0.5334195086887882,1.1414583805329575,-0.8990280712988121,0.0,0.0
6,3,3,0.9080309925141961,0,2,-0.2606894584244484,-0.18678399985297642,1.1414583805329575,-0.8990280712988121,0.0,0.0
6,3,0,-0.9705639733473114,0,2,0.1905025682283017,-1.0899891989322041,-0.8605734531100083,0.11654751005926492,0.0,0.0
4,3,2,0.9080309925141961,0,1,0.42797205594027543,-0.3625428494035289,-0.8605734531100083,1.1321230914173421,0.0,0.0
7,3,1,-0.9705639733473114,1,2,-0.40317115105163215,-0.9291210296907959,-0.8605734531100083,1.1321230914173421,0.0,0.0
6,3,3,0.9080309925141961,1,2,-0.9256040240179744,0.7042157235630186,3.143490214175923,-0.8990280712988121,0.0,0.0
2,3,1,-0.9705639733473114,2,2,-0.04696691948367205,-0.5651537454131935,-0.8605734531100083,1.1321230914173421,0.0,0.0
2,3,3,0.9080309925141961,2,2,-0.7593753826195928,0.7872129580730017,1.1414583805329575,-0.8990280712988121,0.0,0.0
7,3,2,0.9080309925141961,2,1,0.42797205594027543,-0.406482561791167,1.1414583805329575,-0.8990280712988121,0.0,0.0
0,3,0,-0.9705639733473114,0,2,0.1905025682283017,-0.840997495402255,1.1414583805329575,-0.8990280712988121,0.0,0.0
6,3,4,-0.9705639733473114,1,1,-0.3794242022804348,-1.3096877608703947,-0.8605734531100083,0.11654751005926492,0.0,0.0
6,3,2,0.9080309925141961,1,2,-0.9256040240179744,0.040237847483153816,-0.8605734531100083,1.1321230914173421,0.0,0.0
2,3,0,-0.9705639733473114,0,2,-0.8781101264755796,-1.2633313643014366,-0.3600654946992669,-0.8990280712988121,0.0,0.0
6,3,2,0.9080309925141961,1,2,1.1403805190761955,0.32340488287015495,1.1414583805329575,-0.8990280712988121,0.0,0.0
4,3,2,0.9080309925141961,0,2,0.8079232362794324,-0.3820960214160278,-0.8605734531100083,1.1321230914173421,0.0,0.0
4,3,1,-0.9705639733473114,0,2,0.42797205594027543,-0.8458796856675481,-0.8605734531100083,1.1321230914173421,0.0,0.0
0,3,1,-0.9705639733473114,2,2,0.42797205594027543,-0.545624984352021,1.1414583805329575,-0.8990280712988121,0.0,0.0
6,3,3,0.9080309925141961,1,2,0.0717678243723143,-0.4821565109032104,-0.8605734531100083,1.1321230914173421,0.0,0.0
6,3,3,0.9080309925141961,1,2,-0.9256040240179744,0.46987059082894866,1.1414583805329575,-0.8990280712988121,0.0,0.0
7,3,4,-0.9705639733473114,1,1,-0.2844364071956458,-1.3258966325511679,-0.8605734531100083,1.1321230914173421,0.0,0.0
2,1,2,0.9080309925141961,2,2,2.327727957636063,0.3478158341966206,0.1404424637114745,1.1321230914173421,0.0,0.0
7,3,2,-0.9705639733473114,2,1,0.42797205594027543,-0.72382492903522,-0.8605734531100083,1.1321230914173421,0.0,0.0
11,3,2,-0.9705639733473114,1,2,0.1905025682283017,-0.4723921303726241,-0.8605734531100083,0.11654751005926492,0.0,0.0
6,3,0,-0.9705639733473114,0,2,-0.3794242022804348,-1.041167296279273,1.1414583805329575,-0.8990280712988121,0.0,0.0
2,4,3,0.9080309925141961,1,2,-1.8279880773234736,0.740832150552717,1.1414583805329575,-0.8990280712988121,0.0,0.0
2,3,4,-0.9705639733473114,1,2,-0.04696691948367205,-1.102194674595437,-0.8605734531100083,1.1321230914173421,0.0,0.0
0,3,1,-0.9705639733473114,1,2,0.1905025682283017,-0.8507618759328412,-0.8605734531100083,1.1321230914173421,0.0,0.0
4,1,3,0.9080309925141961,2,2,1.4253439043305642,0.2526131240234047,-0.8605734531100083,-0.8990280712988121,0.0,0.0
7,3,2,-0.9705639733473114,1,2,-0.2844364071956458,-0.7262660241678666,0.1404424637114745,-0.8990280712988121,0.0,0.0
6,4,2,-0.9705639733473114,1,2,-1.2818082555859345,0.6993335332977255,1.1414583805329575,-0.8990280712988121,0.0,0.0
6,3,2,-0.031266490416557664,0,2,-0.2606894584244484,-0.4308935131176326,1.1414583805329575,-0.8990280712988121,0.0,0.0
11,3,1,-0.9705639733473114,1,2,0.1905025682283017,-0.8507618759328412,-0.8605734531100083,0.11654751005926492,0.0,0.0
2,3,0,-0.9705639733473114,0,2,0.024273926829919548,-0.9581700617692899,-0.8605734531100083,1.1321230914173421,0.0,0.0
4,3,2,0.9080309925141961,0,2,0.2617434145418933,-0.16481414365915736,1.1414583805329575,-0.8990280712988121,0.0,0.0
0,3,4,-0.9705639733473114,1,2,0.1905025682283017,-1.0924302940648507,-0.8605734531100083,1.1321230914173421,0.0,0.0
0,3,4,-0.9705639733473114,1,2,0.1905025682283017,-1.0545689085575027,-0.8605734531100083,1.1321230914173421,0.0,0.0
4,1,3,0.9080309925141961,2,2,1.2828622117033799,0.6468255769944979,0.1404424637114745,1.1321230914173421,0.0,0.0
7,3,0,-0.9705639733473114,0,1,0.42797205594027543,-1.1876330042380667,-0.8605734531100083,0.11654751005926492,0.0,0.0
11,3,1,-0.9705639733473114,1,2,-0.04696691948367205,-0.7482358803616856,-0.8605734531100083,0.11654751005926492,0.0,0.0
6,3,2,0.9080309925141961,2,2,1.1403805190761955,0.3111994072069222,1.1414583805329575,-0.8990280712988121,0.0,0.0
4,3,1,0.9080309925141961,1,2,0.6654415436522482,-0.8214687343410825,-0.8605734531100083,1.1321230914173421,0.0,0.0
0,3,1,-0.9705639733473114,1,2,0.1905025682283017,-0.8458796856675481,0.1404424637114745,-0.8990280712988121,0.0,0.0
7,3,2,0.9080309925141961,0,2,-0.2844364071956458,0.04267894261580038,0.1404424637114745,1.1321230914173421,0.0,0.0
4,4,2,0.9080309925141961,1,2,-1.8754819748658684,1.4731606903466856,1.1414583805329575,-0.8990280712988121,0.0,0.0
11,3,2,0.9080309925141961,1,2,-0.04696691948367205,-0.006142960037130856,0.1404424637114745,-0.8990280712988121,0.0,0.0
4,3,3,0.9080309925141961,0,2,1.8527889822121157,0.7066568186956651,0.1404424637114745,1.1321230914173421,0.0,0.0
7,3,2,0.9080309925141961,2,1,1.8527889822121157,-0.23804699763855422,1.1414583805329575,-0.8990280712988121,0.0,0.0
6,3,2,0.9080309925141961,1,2,-1.258061306814737,0.3990788319821984,3.143490214175923,-0.8990280712988121,0.0,0.0
6,3,3,0.9080309925141961,2,2,1.1403805190761955,0.6090130133898027,1.1414583805329575,-0.8990280712988121,0.0,0.0
7,3,2,-0.9705639733473114,1,2,0.1905025682283017,-0.7384714998310994,0.1404424637114745,-0.8990280712988121,0.0,0.0
0,3,3,0.9080309925141961,2,2,0.49921290225386705,-0.13063881180210551,-0.8605734531100083,1.1321230914173421,0.0,0.0
4,4,3,0.9080309925141961,1,2,-1.9467228211794605,1.5952154469790136,1.1414583805329575,-0.8990280712988121,0.0,0.0
7,3,2,0.9080309925141961,1,2,0.42797205594027543,-0.48459760603585694,1.1414583805329575,-0.8990280712988121,0.0,0.0
0,3,3,0.9080309925141961,2,1,0.9029110313642219,-0.04031829189418272,-0.8605734531100083,1.1321230914173421,0.0,0.0
6,3,1,-0.9705639733473114,1,1,0.1905025682283017,-1.0899891989322041,-0.8605734531100083,0.11654751005926492,0.0,0.0
7,3,2,0.9080309925141961,1,1,0.42797205594027543,-0.6017701724028919,1.1414583805329575,-0.8990280712988121,0.0,0.0
7,3,2,0.9080309925141961,2,1,1.8527889822121157,-0.5041263670970294,-0.8605734531100083,1.1321230914173421,0.0,0.0
6,3,3,0.9080309925141961,2,2,-0.9256040240179744,0.5748376815327508,1.1414583805329575,-0.8990280712988121,0.0,0.0
4,4,2,0.9080309925141961,1,2,-0.996844870331566,0.8628869071850451,1.1414583805329575,-0.8990280712988121,0.0,0.0
4,3,2,0.9080309925141961,0,1,0.42797205594027543,-0.28845561212770565,1.1414583805329575,-0.8990280712988121,0.0,0.0
11,4,3,0.9080309925141961,1,2,-1.9467228211794605,1.3852812655714093,1.1414583805329575,-0.8990280712988121,0.0,0.0
6,3,2,0.9080309925141961,1,2,0.1905025682283017,-0.0037018649044842948,-0.8605734531100083,1.1321230914173421,0.0,0.0
0,3,3,0.9080309925141961,2,2,0.42797205594027543,0.08905975013608505,1.1414583805329575,-0.8990280712988121,0.0,0.0
2,3,2,0.9080309925141961,2,2,-0.04696691948367205,-0.06472924322064834,1.1414583805329575,-0.8990280712988121,0.0,0.0
2,3,2,0.9080309925141961,2,2,1.5915725457289451,0.2330843629622322,1.1414583805329575,0.11654751005926492,0.0,0.0
6,3,3,0.9080309925141961,0,2,-0.2844364071956458,1.1558183231026324,-0.8605734531100083,1.1321230914173421,0.0,0.0
2,3,1,-0.9705639733473114,1,2,0.8316701850506303,-0.9679588532512026,-0.8605734531100083,1.1321230914173421,0.0,0.0
6,3,0,-0.9705639733473114,0,2,0.1905025682283017,-1.1363700064524889,-0.8605734531100083,0.11654751005926492,0.0,0.0
4,3,2,0.9080309925141961,1,2,-0.996844870331566,0.15496931871754221,1.1414583805329575,-0.8990280712988121,0.0,0.0
0,3,1,-0.9705639733473114,1,1,0.1905025682283017,-0.9899042984936952,-0.8605734531100083,1.1321230914173421,0.0,0.0
2,3,0,-0.9705639733473114,0,2,0.42797205594027543,-0.5383016989540813,0.1404424637114745,1.1321230914173421,0.0,0.0
7,3,1,0.9080309925141961,1,2,0.42797205594027543,-0.5041263670970294,0.1404424637114745,-0.8990280712988121,0.0,0.0
2,3,3,0.9080309925141961,2,2,0.1905025682283017,0.8531225266544589,0.1404424637114745,1.1321230914173421,0.0,0.0
2,3,3,0.9080309925141961,2,1,1.5915725457289451,0.22820217269693907,0.1404424637114745,1.1321230914173421,0.0,0.0
4,1,2,0.9080309925141961,2,2,1.2828622117033799,0.20379122137047345,1.1414583805329575,-0.8990280712988121,0.0,0.0
4,3,3,0.9080309925141961,0,2,0.42797205594027543,0.46254730543100897,0.1404424637114745,3.1632742541334964,0.0,0.0
2,3,0,-0.9705639733473114,0,2,-0.8068692801619876,-0.7970577830146168,-0.8605734531100083,1.1321230914173421,0.0,0.0
4,4,2,0.9080309925141961,1,2,-1.448036896984316,0.37466788065573275,1.1414583805329575,-0.8990280712988121,0.0,0.0
6,3,0,0.9080309925141961,0,2,-0.2606894584244484,-0.8534470805787525,0.1404424637114745,-0.8990280712988121,0.0,0.0
4,3,3,0.9080309925141961,0,2,1.8527889822121157,0.8457992412565192,0.1404424637114745,1.1321230914173421,0.0,0.0
7,3,1,-0.9705639733473114,1,1,0.42797205594027543,-0.8580851613307808,1.1414583805329575,-0.8990280712988121,0.0,0.0
4,3,2,-0.9705639733473114,1,2,0.3804781583978807,-0.33813189807706323,-0.8605734531100083,1.1321230914173421,0.0,0.0
4,3,2,0.9080309925141961,0,2,0.5229598510250649,-0.562712650280547,-0.8605734531100083,1.1321230914173421,0.0,0.0
7,3,2,-0.9705639733473114,1,1,0.42797205594027543,-0.80193997327991,-0.8605734531100083,1.1321230914173421,0.0,0.0
6,3,3,0.9080309925141961,2,2,1.1403805190761955,0.5431034448083455,-0.8605734531100083,1.1321230914173421,0.0,0.0
7,3,3,0.9080309925141961,1,2,0.0717678243723143,0.20623231650312002,1.1414583805329575,-0.8990280712988121,0.0,0.0
4,3,3,0.9080309925141961,0,1,0.2854903633130912,-0.14755560107134605,1.1414583805329575,-0.8990280712988121,0.0,0.0
11,3,3,0.9080309925141961,2,2,0.42797205594027543,0.040237847483153816,-0.8605734531100083,0.11654751005926492,0.0,0.0
4,3,3,2.786625958375703,1,2,0.6654415436522482,-0.20125969398957042,-0.8605734531100083,1.1321230914173421,0.0,0.0
4,3,3,0.9080309925141961,0,1,1.8527889822121157,0.740832150552717,0.1404424637114745,1.1321230914173421,0.0,0.0
7,3,1,-0.9705639733473114,1,2,1.8527889822121157,-0.7482358803616856,-0.8605734531100083,1.1321230914173421,0.0,0.0
7,3,3,0.9080309925141961,2,1,1.8527889822121157,0.1305583673910766,-0.8605734531100083,3.1632742541334964,0.0,0.0
7,3,3,-0.031266490416557664,2,2,1.8527889822121157,0.15496931871754221,0.1404424637114745,1.1321230914173421,0.0,0.0
4,3,1,-0.9705639733473114,0,1,0.5467067997962618,-0.8971426834531259,-0.8605734531100083,1.1321230914173421,0.0,0.0
7,3,2,-0.031266490416557664,1,2,0.42797205594027543,-0.528537318423495,1.1414583805329575,-0.8990280712988121,0.0,0.0
2,4,2,0.9080309925141961,2,2,-0.7593753826195928,0.4430185443698365,1.1414583805329575,-0.8990280712988121,0.0,0.0
7,3,3,0.9080309925141961,2,1,0.42797205594027543,-0.33322529686044366,-0.8605734531100083,1.1321230914173421,0.0,0.0
0,3,4,-1.909861456278065,1,1,0.40422510716907756,-1.4561534688291884,-0.735446463507323,-0.8990280712988121,0.0,0.0
2,1,3,0.9080309925141961,2,2,2.327727957636063,0.9556485222256145,-0.8605734531100083,1.1321230914173421,0.0,0.0
6,3,1,0.9080309925141961,1,2,1.2353683141609852,-0.7482358803616856,-0.8605734531100083,1.1321230914173421,0.0,0.0
4,3,3,0.9080309925141961,2,2,-0.04696691948367205,2.5228315973847066,1.1414583805329575,-0.8990280712988121,0.0,0.0
7,3,2,0.9080309925141961,1,2,0.0717678243723143,-0.13796209720004518,1.1414583805329575,-0.8990280712988121,0.0,0.0
0,3,3,0.9080309925141961,2,1,1.1403805190761955,0.44790073463512964,1.1414583805329575,-0.8990280712988121,0.0,0.0
7,3,0,-0.031266490416557664,0,2,0.9029110313642219,-0.72382492903522,-0.8605734531100083,1.1321230914173421,0.0,0.0
2,3,1,-0.9705639733473114,1,2,-1.7092533334674866,-0.6994139777087544,0.1404424637114745,-0.8990280712988121,0.0,0.0
7,3,2,-0.031266490416557664,2,2,1.8527889822121157,-0.35766065913823575,-0.8605734531100083,1.1321230914173421,0.0,0.0
7,3,2,0.9080309925141961,2,1,0.42797205594027543,-0.6017701724028919,-0.8605734531100083,3.1632742541334964,0.0,0.0
2,1,3,0.9080309925141961,2,2,1.1403805190761955,1.1460539425720462,0.1404424637114745,1.1321230914173421,0.0,0.0
7,3,4,-0.9705639733473114,1,1,0.42797205594027543,-1.0631615634244185,-0.8605734531100083,1.1321230914173421,0.0,0.0
7,3,2,0.9080309925141961,2,2,0.6654415436522482,0.05732551341167975,0.1404424637114745,1.1321230914173421,0.0,0.0
6,3,1,-0.9705639733473114,1,2,-0.3794242022804348,-0.7970577830146168,-0.8605734531100083,1.1321230914173421,0.0,0.0
0,3,0,0.9080309925141961,0,2,0.49921290225386705,-0.7970577830146168,1.1414583805329575,-0.8990280712988121,0.0,0.0
4,3,2,0.9080309925141961,0,2,0.7366823899658408,0.11835289172784379,0.1404424637114745,1.1321230914173421,0.0,0.0
7,3,4,-0.9705639733473114,1,1,-1.3530491018995265,-0.8192717487217006,-0.8605734531100083,-0.8990280712988121,0.0,0.0
6,3,2,0.9080309925141961,1,2,-0.1657016633396589,0.4503418297677762,1.1414583805329575,-0.8990280712988121,0.0,0.0
0,3,4,-0.9705639733473114,1,2,-1.4717838457555135,-0.7580002608922719,-0.8605734531100083,-0.8990280712988121,0.0,0.0
6,3,3,0.9080309925141961,1,2,-1.2818082555859345,1.2119635111535034,1.1414583805329575,-0.8990280712988121,0.0,0.0
7,3,2,-0.9705639733473114,2,2,1.829042033440919,-0.5041263670970294,-0.8605734531100083,1.1321230914173421,0.0,0.0
2,3,3,0.9080309925141961,1,2,-0.04696691948367205,0.7286266748894842,1.1414583805329575,-0.8990280712988121,0.0,0.0
0,3,0,0.9080309925141961,0,2,0.42797205594027543,-0.3332497078117701,1.1414583805329575,-0.8990280712988121,0.0,0.0
7,3,4,-0.9705639733473114,1,2,-1.376796050670724,-1.2291316214930583,-0.8605734531100083,-0.8990280712988121,0.0,0.0
0,3,2,-0.031266490416557664,1,2,0.49921290225386705,-0.6017701724028919,-0.8605734531100083,1.1321230914173421,0.0,0.0
2,4,3,0.9080309925141961,2,2,-0.7593753826195928,0.6209743795397711,1.1414583805329575,-0.8990280712988121,0.0,0.0
6,4,3,0.9080309925141961,1,2,-1.8042411285522761,1.3169306018573055,1.1414583805329575,-0.8990280712988121,0.0,0.0
8,1,3,0.9080309925141961,2,2,1.6153194945001432,0.9849416638173731,1.1414583805329575,1.1321230914173421,0.0,0.0
2,3,3,0.9080309925141961,1,2,-0.04696691948367205,1.314489506724659,1.1414583805329575,1.1321230914173421,0.0,0.0
7,3,1,-0.9705639733473114,1,2,-0.40317115105163215,-0.8458796856675481,-0.8605734531100083,1.1321230914173421,0.0,0.0
2,1,3,0.9080309925141961,2,2,1.1403805190761955,0.4967226372880609,1.1414583805329575,-0.8990280712988121,0.0,0.0
6,3,2,0.9080309925141961,1,2,-1.2818082555859345,1.1533772279699859,1.1414583805329575,-0.8990280712988121,0.0,0.0
6,3,2,0.9080309925141961,1,2,-0.4269180998228295,0.8506814315218123,1.1414583805329575,-0.8990280712988121,0.0,0.0
2,3,4,-0.9705639733473114,1,1,-0.04696691948367205,-1.2706546496993762,-0.8605734531100083,1.1321230914173421,0.0,0.0
4,3,2,0.9080309925141961,2,2,-0.04696691948367205,0.847630062606004,1.1414583805329575,-0.8990280712988121,0.0,0.0
4,3,4,-0.9705639733473114,1,1,0.42797205594027543,-1.2708743482613145,-0.8605734531100083,0.11654751005926492,0.0,0.0
7,3,0,2.786625958375703,0,2,0.42797205594027543,0.2526131240234047,-0.8605734531100083,3.1632742541334964,0.0,0.0
4,4,3,0.9080309925141961,1,2,-1.9467228211794605,1.9125578142230666,1.1414583805329575,-0.8990280712988121,0.0,0.0
6,3,4,-1.909861456278065,1,2,-1.376796050670724,-1.2608658582174637,-0.8605734531100083,-0.8990280712988121,0.0,0.0
4,4,2,0.9080309925141961,0,2,-0.2844364071956458,-0.3234853272811839,-0.8605734531100083,1.1321230914173421,0.0,0.0
6,3,3,0.9080309925141961,1,2,-0.4269180998228295,1.2412566527452622,1.1414583805329575,-0.8990280712988121,0.0,0.0
8,1,3,0.9080309925141961,2,2,1.6153194945001432,1.497571641673151,0.1404424637114745,1.1321230914173421,0.0,0.0
6,5,3,0.9080309925141961,2,2,1.3778500067881694,2.3013510359996845,1.1414583805329575,-0.8990280712988121,0.0,0.0
4,3,3,0.9080309925141961,0,2,0.0005269780587226993,0.4281278640606924,0.1404424637114745,3.1632742541334964,0.0,0.0
7,3,4,-0.9705639733473114,1,1,0.42797205594027543,-1.155923178464988,-0.8605734531100083,1.1321230914173421,0.0,0.0
4,1,2,0.9080309925141961,2,2,1.4965847506441556,0.4967226372880609,-0.8605734531100083,1.1321230914173421,0.0,0.0
4,3,2,0.9080309925141961,1,2,-1.5667716408403025,1.5415113540607892,1.1414583805329575,-0.8990280712988121,0.0,0.0
6,3,1,-0.9705639733473114,1,2,-0.3794242022804348,-0.8702906369940137,-0.8605734531100083,0.11654751005926492,0.0,0.0
2,3,2,0.9080309925141961,1,2,-0.04696691948367205,0.3649035001251465,1.1414583805329575,-0.8990280712988121,0.0,0.0
7,3,2,-0.031266490416557664,2,2,1.8527889822121157,-0.18678399985297642,0.1404424637114745,1.1321230914173421,0.0,0.0
6,3,2,0.9080309925141961,1,2,-0.3794242022804348,-0.38207161046470134,-0.8605734531100083,1.1321230914173421,0.0,0.0
7,3,1,0.9080309925141961,2,1,0.42797205594027543,-0.72382492903522,1.1414583805329575,-0.8990280712988121,0.0,0.0
6,3,4,0.9080309925141961,1,2,0.04802087560111745,-0.9923453936263418,-0.8605734531100083,3.1632742541334964,0.0,0.0
4,3,2,0.9080309925141961,0,2,1.8527889822121157,0.7066568186956651,0.1404424637114745,1.1321230914173421,0.0,0.0
4,3,3,0.9080309925141961,0,2,0.7366823899658408,0.2526131240234047,1.1414583805329575,-0.8990280712988121,0.0,0.0
0,3,0,-0.9705639733473114,0,2,0.1905025682283017,-0.902024873718419,0.1404424637114745,-0.8990280712988121,0.0,0.0
7,3,0,-0.9705639733473114,0,2,1.3778500067881694,-0.7482358803616856,0.1404424637114745,-0.8990280712988121,0.0,0.0
6,3,0,-0.9705639733473114,0,2,-0.2606894584244484,-0.7482602913130121,1.1414583805329575,-0.8990280712988121,0.0,0.0
4,3,4,-0.9705639733473114,1,2,-0.5219058949076191,-1.1876330042380667,-0.8605734531100083,0.11654751005926492,0.0,0.0
2,3,4,-0.9705639733473114,1,2,-1.2343143580435398,-1.2437781922889377,-0.8605734531100083,-0.8990280712988121,0.0,0.0
0,3,3,0.9080309925141961,2,1,0.9029110313642219,0.12323508199313692,-0.8605734531100083,1.1321230914173421,0.0,0.0
7,3,1,-0.9705639733473114,1,1,-0.40317115105163215,-0.9569495142029666,0.1404424637114745,-0.8990280712988121,0.0,0.0
4,5,2,0.9080309925141961,0,2,0.49921290225386705,1.3999278363672887,-0.8605734531100083,0.11654751005926492,0.0,0.0
2,1,3,0.9080309925141961,2,2,2.327727957636063,0.5943664425939233,-0.8605734531100083,1.1321230914173421,0.0,0.0
8,1,3,0.9080309925141961,2,2,1.6153194945001432,1.3511059337143574,1.1414583805329575,-0.8990280712988121,0.0,0.0
4,3,3,0.9080309925141961,0,1,0.7366823899658408,-0.04063563426142676,1.1414583805329575,-0.8990280712988121,0.0,0.0
6,4,0,-0.9705639733473114,0,2,-0.2606894584244484,-0.72382492903522,1.1414583805329575,-0.8990280712988121,0.0,0.0
7,3,4,-0.9705639733473114,1,2,0.42797205594027543,-1.1949562896360064,-0.8605734531100083,1.1321230914173421,0.0,0.0
0,3,3,0.9080309925141961,2,1,1.1403805190761955,0.20379122137047345,1.1414583805329575,-0.8990280712988121,0.0,0.0
2,4,3,0.9080309925141961,1,2,-2.1841923088914337,2.6302397832211555,3.143490214175923,-0.8990280712988121,0.0,0.0
4,4,3,0.9080309925141961,1,2,-1.5667716408403025,2.159108422620369,3.143490214175923,-0.8990280712988121,0.0,0.0
7,3,1,-0.9705639733473114,1,2,0.42797205594027543,-0.9435234909734106,-0.8605734531100083,0.11654751005926492,0.0,0.0
7,3,4,-1.909861456278065,1,2,-2.065457565035447,-1.1987399870916087,-0.8605734531100083,-0.8990280712988121,0.0,0.0
7,5,3,0.9080309925141961,2,2,1.5440786481865505,2.757176730118777,3.143490214175923,-0.8990280712988121,0.0,0.0
6,3,1,-0.9705639733473114,0,2,0.1905025682283017,-0.7970577830146168,-0.8605734531100083,1.1321230914173421,0.0,0.0
4,3,2,-0.9705639733473114,0,1,0.6654415436522482,-0.4799595252838285,1.1414583805329575,-0.8990280712988121,0.0,0.0
4,3,1,-0.9705639733473114,1,2,-0.8781101264755796,-0.2600168538323733,0.1404424637114745,-0.8990280712988121,0.0,0.0
6,4,3,0.9080309925141961,1,2,-1.4005429994419214,1.7197112987439882,1.1414583805329575,-0.8990280712988121,0.0,0.0
4,3,2,0.9080309925141961,1,2,0.2854903633130912,-0.6238620833533431,-0.8605734531100083,1.1321230914173421,0.0,0.0
6,3,3,0.9080309925141961,1,2,0.689188492423446,1.5415113540607892,1.1414583805329575,-0.8990280712988121,0.0,0.0
2,3,1,0.9080309925141961,2,1,0.6654415436522482,-0.48459760603585694,-0.8605734531100083,1.1321230914173421,0.0,0.0
4,3,3,0.9080309925141961,0,2,0.0005269780587226993,0.846775679309578,1.1414583805329575,3.1632742541334964,0.0,0.0
4,4,3,0.9080309925141961,1,1,-0.996844870331566,0.740832150552717,1.1414583805329575,-0.8990280712988121,0.0,0.0
10,2,4,-0.9705639733473114,1,1,-2.065457565035447,-1.285276809543929,-0.8605734531100083,-0.8990280712988121,0.0,0.0
2,1,0,0.9080309925141961,0,2,2.802666933060011,2.195724849610068,1.1414583805329575,1.1321230914173421,0.0,0.0
6,3,4,-0.9705639733473114,1,2,0.1905025682283017,-1.0948713891974973,-0.8605734531100083,0.11654751005926492,0.0,0.0
2,3,2,-0.9705639733473114,1,1,-0.04696691948367205,-0.5773592210764263,1.1414583805329575,-0.8990280712988121,0.0,0.0
7,3,0,0.9080309925141961,0,2,1.8527889822121157,-0.6750030263822887,-0.8605734531100083,1.1321230914173421,0.0,0.0
4,3,2,-0.9705639733473114,0,2,0.42797205594027543,-0.11355114587357958,1.1414583805329575,-0.8990280712988121,0.0,0.0
7,3,4,-0.9705639733473114,1,2,0.42797205594027543,-1.0899891989322041,0.1404424637114745,-0.8990280712988121,0.0,0.0
4,3,2,0.9080309925141961,2,2,-0.901857075246777,0.936119761164442,1.1414583805329575,-0.8990280712988121,0.0,0.0
0,3,2,-0.9705639733473114,1,1,0.9029110313642219,-0.8634555706226033,-0.8605734531100083,0.11654751005926492,0.0,0.0
4,5,4,0.9080309925141961,2,2,0.49921290225386705,2.923171199138743,-0.8605734531100083,1.1321230914173421,0.0,0.0
8,1,2,0.9080309925141961,2,2,0.42797205594027543,0.566879711400323,1.1414583805329575,-0.8990280712988121,0.0,0.0
6,3,2,0.9080309925141961,1,2,-0.2606894584244484,-0.5041263670970294,0.1404424637114745,-0.8990280712988121,0.0,0.0
7,3,2,0.9080309925141961,1,2,-0.8781101264755796,1.3413415531837711,1.1414583805329575,-0.8990280712988121,0.0,0.0
4,3,3,0.9080309925141961,0,2,0.8079232362794324,0.44790073463512964,0.1404424637114745,1.1321230914173421,0.0,0.0
6,3,1,0.9080309925141961,1,2,1.1403805190761955,-0.37987462484531953,1.1414583805329575,-0.8990280712988121,0.0,0.0
0,3,1,-0.9705639733473114,2,2,0.49921290225386705,-0.6139756480661247,-0.8605734531100083,1.1321230914173421,0.0,0.0
0,2,4,-0.9705639733473114,1,2,-1.4717838457555135,-0.8800550175245999,0.1404424637114745,-0.8990280712988121,0.0,0.0
2,3,2,0.9080309925141961,1,2,0.8316701850506303,-0.11355114587357958,-0.8605734531100083,1.1321230914173421,0.0,0.0
7,3,3,0.9080309925141961,2,2,1.5440786481865505,3.1599574270054593,1.1414583805329575,-0.8990280712988121,0.0,0.0
2,3,4,-0.9705639733473114,1,2,-0.04696691948367205,-1.1998384799012995,-0.8605734531100083,0.11654751005926492,0.0,0.0
0,3,1,-0.9705639733473114,2,2,0.42797205594027543,-0.7970577830146168,-0.8605734531100083,0.11654751005926492,0.0,0.0
4,3,2,0.9080309925141961,0,2,0.0005269780587226993,-0.08914019454711396,-0.8605734531100083,3.1632742541334964,0.0,0.0
6,3,2,0.9080309925141961,0,2,-0.2844364071956458,0.875092382848278,-0.8605734531100083,0.11654751005926492,0.0,0.0
4,3,1,0.9080309925141961,1,2,-0.5456528436788164,-0.13552100206739862,0.1404424637114745,-0.8990280712988121,0.0,0.0
7,3,2,0.9080309925141961,1,2,-0.7593753826195928,1.3877223607040559,0.5471051799202019,-0.8990280712988121,0.0,0.0
4,3,2,0.9080309925141961,0,2,0.42797205594027543,-0.2941921856894251,-0.8605734531100083,1.1321230914173421,0.0,0.0
4,3,1,-0.9705639733473114,1,2,0.3804781583978807,-0.5099849954153811,-0.8605734531100083,1.1321230914173421,0.0,0.0
3,3,4,-0.9705639733473114,1,2,-0.30818335596684315,-1.3343428217101252,-0.8605734531100083,-0.8990280712988121,0.0,0.0
7,3,1,-0.9705639733473114,1,2,0.6654415436522482,-0.562712650280547,0.1404424637114745,-0.8990280712988121,0.0,0.0
2,1,3,0.9080309925141961,2,2,-0.07071386825486943,1.353547028847004,0.1404424637114745,1.1321230914173421,0.0,0.0
0,3,0,0.9080309925141961,0,2,0.42797205594027543,-0.528537318423495,-0.8605734531100083,1.1321230914173421,0.0,0.0
7,3,3,0.9080309925141961,1,2,0.3567312096266828,0.25236901451014,1.1414583805329575,-0.8990280712988121,0.0,0.0
2,2,4,-0.9705639733473114,1,2,-1.9467228211794605,-1.1119590551260232,-0.8605734531100083,-0.8990280712988121,0.0,0.0
6,3,2,0.9080309925141961,0,2,-0.2606894584244484,-0.430917924068959,1.1414583805329575,-0.8990280712988121,0.0,0.0
7,3,4,-0.9705639733473114,1,2,0.1905025682283017,-1.2120439555645324,-0.8605734531100083,0.11654751005926492,0.0,0.0
7,2,4,-0.9705639733473114,1,1,-1.8279880773234736,-1.2950411900745153,-0.735446463507323,-0.8990280712988121,0.0,0.0
7,3,2,0.9080309925141961,1,2,-1.376796050670724,0.37466788065573275,1.1414583805329575,-0.8990280712988121,0.0,0.0
2,3,3,0.9080309925141961,1,2,-0.04696691948367205,1.0459690421335373,1.1414583805329575,1.1321230914173421,0.0,0.0
0,3,3,-0.9705639733473114,2,2,0.42797205594027543,-0.38207161046470134,-0.8605734531100083,0.11654751005926492,0.0,0.0
4,3,2,0.9080309925141961,1,2,0.3804781583978807,0.0988241306666713,-0.8605734531100083,1.1321230914173421,0.0,0.0
2,2,4,-1.909861456278065,1,2,-2.1841923088914337,-1.3438630927274466,-0.8605734531100083,-0.8990280712988121,0.0,0.0
6,3,2,0.9080309925141961,2,2,0.04802087560111745,0.22820217269693907,1.1414583805329575,-0.8990280712988121,0.0,0.0
4,3,2,0.9080309925141961,1,2,-0.901857075246777,1.18201127387593,1.1414583805329575,-0.8990280712988121,0.0,0.0
6,3,1,-0.9705639733473114,1,2,-0.9256040240179744,-0.2600168538323733,0.1404424637114745,-0.8990280712988121,0.0,0.0
7,3,2,0.9080309925141961,1,2,0.0005269780587226993,1.3291360775205383,1.1414583805329575,-0.8990280712988121,0.0,0.0
7,3,3,-0.9705639733473114,2,2,0.42797205594027543,0.008503610758748514,-0.8605734531100083,1.1321230914173421,0.0,0.0
7,3,1,0.9080309925141961,2,1,0.42797205594027543,-0.8214687343410825,-0.8605734531100083,3.1632742541334964,0.0,0.0
4,3,2,-0.9705639733473114,0,2,0.6654415436522482,-0.5138907476276157,-0.8605734531100083,0.11654751005926492,0.0,0.0
4,3,2,0.9080309925141961,1,2,-0.2844364071956458,1.4194565974284612,1.1414583805329575,-0.8990280712988121,0.0,0.0
4,3,3,0.9080309925141961,2,2,-0.2131955608820537,1.3999278363672887,1.1414583805329575,-0.8990280712988121,0.0,0.0
4,3,2,0.9080309925141961,0,2,0.42797205594027543,0.004622269497840403,1.1414583805329575,-0.8990280712988121,0.0,0.0
6,3,4,-0.9705639733473114,1,2,-0.3794242022804348,-0.9679588532512026,1.1414583805329575,-0.8990280712988121,0.0,0.0
6,1,3,2.786625958375703,2,2,1.4253439043305642,2.44959874340531,-0.8605734531100083,1.1321230914173421,0.0,0.0
4,3,1,-0.9705639733473114,1,2,-0.996844870331566,-0.1456027249652289,0.1404424637114745,-0.8990280712988121,0.0,0.0
0,1,2,0.9080309925141961,2,1,0.9029110313642219,0.0060625156261019525,-0.8605734531100083,1.1321230914173421,0.0,0.0
2,3,0,-0.9705639733473114,0,2,-0.04696691948367205,-1.0899891989322041,-0.8605734531100083,0.11654751005926492,0.0,0.0
6,3,1,-0.9705639733473114,1,2,0.1905025682283017,-0.219738784143705,0.1404424637114745,-0.8990280712988121,0.0,0.0
7,3,2,-0.9705639733473114,1,2,-0.3556772535092374,-0.02567172109830335,-0.8605734531100083,0.11654751005926492,0.0,0.0
7,3,2,-0.9705639733473114,1,1,0.30923731208428806,-0.8132910656467164,-0.8605734531100083,1.1321230914173421,0.0,0.0
6,3,1,-0.9705639733473114,1,2,-0.3794242022804348,-0.9728166325651693,-0.8605734531100083,0.11654751005926492,0.0,0.0
7,3,1,-0.9705639733473114,1,2,0.42797205594027543,-0.72382492903522,0.1404424637114745,-0.8990280712988121,0.0,0.0
4,3,2,0.9080309925141961,1,2,-0.2844364071956458,0.7847474519890287,1.1414583805329575,-0.8990280712988121,0.0,0.0
6,3,1,0.9080309925141961,1,2,1.4965847506441556,-0.6136094837962278,-0.8605734531100083,1.1321230914173421,0.0,0.0
6,3,3,0.9080309925141961,2,2,1.449090853101761,1.1826703695617446,-0.8605734531100083,1.1321230914173421,0.0,0.0
2,3,4,-0.9705639733473114,1,1,-0.04696691948367205,-1.3951260905130245,-0.8605734531100083,0.11654751005926492,0.0,0.0
7,3,3,-0.031266490416557664,2,2,1.8527889822121157,0.37466788065573275,0.1404424637114745,1.1321230914173421,0.0,0.0
4,3,1,-0.9705639733473114,0,2,0.3804781583978807,-0.43357871776354384,-0.8605734531100083,1.1321230914173421,0.0,0.0
7,3,1,-0.9705639733473114,1,2,0.0717678243723143,-0.4040414666585204,0.1404424637114745,-0.8990280712988121,0.0,0.0
2,3,2,0.9080309925141961,2,2,1.1403805190761955,0.10614741606461098,0.1404424637114745,1.1321230914173421,0.0,0.0
4,3,2,-0.9705639733473114,1,2,-0.2131955608820537,0.3990788319821984,-0.8605734531100083,0.11654751005926492,0.0,0.0
5,3,2,0.9080309925141961,1,2,0.42797205594027543,-0.13796209720004518,-0.8605734531100083,1.1321230914173421,0.0,0.0
7,3,4,-0.9705639733473114,1,2,0.42797205594027543,-1.102194674595437,-0.8605734531100083,0.11654751005926492,0.0,0.0
7,3,2,-0.9705639733473114,1,2,0.0005269780587226993,0.4747527810942418,-0.8605734531100083,0.11654751005926492,0.0,0.0
6,5,2,0.9080309925141961,2,2,2.660185240432827,2.600922230678071,-0.8605734531100083,0.11654751005926492,0.0,0.0
6,3,4,0.9080309925141961,1,2,-0.1894486121108563,-0.9923453936263418,-0.8605734531100083,3.1632742541334964,0.0,0.0
7,3,2,0.9080309925141961,1,2,0.6654415436522482,0.08417755987079192,1.1414583805329575,-0.8990280712988121,0.0,0.0
7,3,2,-0.9705639733473114,1,2,0.0717678243723143,-0.26978123436295953,-0.8605734531100083,0.11654751005926492,0.0,0.0
9,3,4,-0.9705639733473114,1,2,-1.4717838457555135,-1.3340987121968604,-0.6103194739046376,-0.8990280712988121,0.0,0.0
4,3,3,0.9080309925141961,0,1,0.42797205594027543,-0.11352673492225313,1.1414583805329575,-0.8990280712988121,0.0,0.0
4,3,2,0.9080309925141961,1,2,-0.2844364071956458,0.5199618629508561,-0.8605734531100083,0.11654751005926492,0.0,0.0
6,3,1,-0.9705639733473114,1,2,-1.258061306814737,-0.18678399985297642,0.1404424637114745,-0.8990280712988121,0.0,0.0
4,2,4,-0.9705639733473114,1,1,-1.8042411285522761,-1.2218083360951186,-0.8605734531100083,-0.8990280712988121,0.0,0.0
7,3,0,2.786625958375703,0,2,0.42797205594027543,0.37466788065573275,3.143490214175923,-0.8990280712988121,0.0,0.0
7,3,1,-0.9705639733473114,1,1,1.8527889822121157,-0.6505920750558232,-0.8605734531100083,0.11654751005926492,0.0,0.0
7,3,1,0.9080309925141961,1,2,0.6416945948810513,-0.8214687343410825,-0.8605734531100083,1.1321230914173421,0.0,0.0
6,3,3,0.9080309925141961,1,2,-0.4269180998228295,1.0337635664703044,1.1414583805329575,-0.8990280712988121,0.0,0.0
6,3,1,-0.9705639733473114,1,2,0.1905025682283017,-0.31010812595428067,-0.8605734531100083,0.11654751005926492,0.0,0.0
0,3,4,-0.9705639733473114,1,2,-0.996844870331566,-1.1388111015851354,-0.8605734531100083,-0.8990280712988121,0.0,0.0
4,3,1,-0.9705639733473114,0,1,0.3804781583978807,-0.8068221635452031,-0.8605734531100083,1.1321230914173421,0.0,0.0
7,3,2,-0.031266490416557664,1,2,0.9029110313642219,-0.5651537454131935,-0.8605734531100083,1.1321230914173421,0.0,0.0
0,3,4,-0.9705639733473114,1,2,-0.996844870331566,-1.0899891989322041,-0.8605734531100083,-0.8990280712988121,0.0,0.0
4,3,1,-0.9705639733473114,1,1,0.3804781583978807,-0.8583292708440456,-0.8605734531100083,1.1321230914173421,0.0,0.0
4,3,1,-0.9705639733473114,1,1,0.5467067997962618,-1.0655782476057387,-0.8605734531100083,1.1321230914173421,0.0,0.0
4,3,2,-0.9705639733473114,1,1,-0.2131955608820537,0.17938027004400783,-0.8605734531100083,0.11654751005926492,0.0,0.0
2,1,3,0.9080309925141961,2,2,2.327727957636063,0.9092677147053297,0.1404424637114745,1.1321230914173421,0.0,0.0
4,3,2,-0.9705639733473114,0,1,0.3804781583978807,-0.5529482697499607,0.1404424637114745,-0.8990280712988121,0.0,0.0
6,4,3,0.9080309925141961,1,2,-0.4269180998228295,1.44874973902022,3.143490214175923,-0.8990280712988121,0.0,0.0
6,3,2,0.9080309925141961,1,2,0.689188492423446,0.801859528868881,1.1414583805329575,-0.8990280712988121,0.0,0.0
7,3,2,0.9080309925141961,1,2,-0.8781101264755796,1.6342729691013587,1.1414583805329575,-0.8990280712988121,0.0,0.0
4,3,2,-0.9705639733473114,0,2,0.42797205594027543,-0.04764157729212241,-0.8605734531100083,1.1321230914173421,0.0,0.0
5,3,2,0.9080309925141961,1,2,0.42797205594027543,0.008503610758748514,1.1414583805329575,-0.8990280712988121,0.0,0.0
6,3,2,-0.9705639733473114,1,2,-0.3319303047380405,0.3331692634007412,-0.8605734531100083,0.11654751005926492,0.0,0.0
7,3,3,0.9080309925141961,2,2,0.42797205594027543,0.2526131240234047,-0.8605734531100083,1.1321230914173421,0.0,0.0
9,3,4,-1.909861456278065,1,2,-1.4717838457555135,-1.358509663523326,-0.8605734531100083,-0.8990280712988121,0.0,0.0
7,3,2,-0.9705639733473114,1,1,0.42797205594027543,-0.7994988781472634,0.1404424637114745,-0.8990280712988121,0.0,0.0
4,3,3,0.9080309925141961,2,2,-0.04696691948367205,2.5008617411908878,1.1414583805329575,-0.8990280712988121,0.0,0.0
7,3,2,-0.9705639733473114,1,2,-0.5219058949076191,0.08173646473814536,1.1414583805329575,-0.8990280712988121,0.0,0.0
7,3,1,-0.9705639733473114,2,2,0.42797205594027543,-0.528537318423495,-0.8605734531100083,1.1321230914173421,0.0,0.0
2,3,4,0.9080309925141961,1,2,-0.04696691948367205,-0.9679344422998761,-0.8605734531100083,1.1321230914173421,0.0,0.0
2,3,2,0.9080309925141961,2,2,-0.07071386825486943,0.2712142689341715,-0.8605734531100083,1.1321230914173421,0.0,0.0
7,3,4,-1.909861456278065,1,2,-1.4242899482131188,-1.3340987121968604,-0.8605734531100083,-0.8990280712988121,0.0,0.0
6,3,0,0.9080309925141961,0,2,1.3778500067881694,-0.6703649456302604,-0.8605734531100083,1.1321230914173421,0.0,0.0
0,3,1,-0.9705639733473114,1,2,0.9029110313642219,-0.8434385905349016,-0.8605734531100083,0.11654751005926492,0.0,0.0
7,3,4,-0.9705639733473114,1,2,-1.4005429994419214,-1.2730713338806963,-0.8605734531100083,-0.8990280712988121,0.0,0.0
11,3,2,0.9080309925141961,1,2,-1.9467228211794605,1.019116995674425,1.1414583805329575,-0.8990280712988121,0.0,0.0
0,1,2,0.9080309925141961,2,1,0.9029110313642219,-0.21119495117944204,-0.8605734531100083,1.1321230914173421,0.0,0.0
4,4,2,0.9080309925141961,1,2,-1.9467228211794605,1.5974124325983958,1.1414583805329575,-0.8990280712988121,0.0,0.0
8,1,3,0.9080309925141961,2,2,0.42797205594027543,0.9673657788623178,0.1404424637114745,1.1321230914173421,0.0,0.0
6,3,1,-0.9705639733473114,1,1,-0.3794242022804348,-1.051175786323124,-0.8605734531100083,0.11654751005926492,0.0,0.0
4,3,3,0.9080309925141961,0,2,0.42797205594027543,0.3014350266763359,1.1414583805329575,-0.8990280712988121,0.0,0.0
4,3,2,0.9080309925141961,1,2,-1.0918326654163555,1.05817451779677,1.1414583805329575,-0.8990280712988121,0.0,0.0
7,3,4,-0.9705639733473114,1,2,0.42797205594027543,-0.919112539646945,-0.8605734531100083,0.11654751005926492,0.0,0.0
7,3,2,-0.9705639733473114,1,2,0.42797205594027543,-0.6359455042599438,-0.8605734531100083,0.11654751005926492,0.0,0.0
6,3,1,-0.031266490416557664,0,2,0.04802087560111745,-0.6261811237293575,-0.8605734531100083,1.1321230914173421,0.0,0.0
8,1,3,0.9080309925141961,2,2,1.6153194945001432,1.6874156101390743,0.1404424637114745,1.1321230914173421,0.0,0.0
11,3,1,-0.9705639733473114,1,2,0.1905025682283017,-0.7262660241678666,0.1404424637114745,-0.8990280712988121,0.0,0.0
4,3,2,0.9080309925141961,1,2,0.0955147731435122,0.38931445145161214,-0.8605734531100083,1.1321230914173421,0.0,0.0
6,3,3,0.9080309925141961,0,2,0.1905025682283017,-0.12331552640416582,-0.8605734531100083,1.1321230914173421,0.0,0.0
0,3,1,-0.9705639733473114,1,1,0.1905025682283017,-0.9362002055754709,0.1404424637114745,-0.8990280712988121,0.0,0.0
7,3,2,0.9080309925141961,0,2,-0.2844364071956458,0.05476236352240097,0.1404424637114745,1.1321230914173421,0.0,0.0
7,3,0,-0.9705639733473114,0,2,0.42797205594027543,-1.0899891989322041,0.1404424637114745,-0.8990280712988121,0.0,0.0
2,4,2,0.9080309925141961,1,2,-2.1841923088914337,0.8287115753279932,1.1414583805329575,-0.8990280712988121,0.0,0.0
8,1,2,0.9080309925141961,2,2,0.42797205594027543,0.49403743264214955,1.1414583805329575,-0.8990280712988121,0.0,0.0
2,3,4,-0.9705639733473114,1,2,-0.3794242022804348,-0.919112539646945,0.1404424637114745,-0.8990280712988121,0.0,0.0
6,3,2,-0.9705639733473114,0,2,-0.3794242022804348,-0.4464921110152441,-0.8605734531100083,0.11654751005926492,0.0,0.0
4,3,1,-0.9705639733473114,0,2,0.42797205594027543,-0.6098990191946051,-0.8605734531100083,1.1321230914173421,0.0,0.0
7,3,4,-0.9705639733473114,1,2,0.1905025682283017,-1.1656631480442476,-0.8605734531100083,0.11654751005926492,0.0,0.0
0,3,4,-0.9705639733473114,1,1,-1.3530491018995265,-1.0265207254833937,-0.8605734531100083,-0.8990280712988121,0.0,0.0
7,3,2,-0.9705639733473114,1,2,-0.7593753826195928,-0.23560590250590766,1.1414583805329575,-0.8990280712988121,0.0,0.0
6,5,3,0.9080309925141961,2,2,2.660185240432827,2.7156537019124594,-0.8605734531100083,0.11654751005926492,0.0,0.0
0,2,4,-0.9705639733473114,1,2,-1.4717838457555135,-1.285276809543929,-0.8605734531100083,-0.8990280712988121,0.0,0.0
4,1,2,0.9080309925141961,2,2,1.2828622117033799,0.05732551341167975,-0.8605734531100083,1.1321230914173421,0.0,0.0
7,3,0,-0.9705639733473114,0,2,0.42797205594027543,-0.9679344422998761,1.1414583805329575,-0.8990280712988121,0.0,0.0
7,3,0,0.9080309925141961,0,2,0.42797205594027543,-0.8947015883204793,-0.8605734531100083,1.1321230914173421,0.0,0.0
7,3,2,-0.9705639733473114,1,2,0.1905025682283017,-0.4249128300426484,-0.8605734531100083,3.1632742541334964,0.0,0.0
7,3,1,-0.9705639733473114,1,1,-0.2844364071956458,-0.8434385905349016,-0.8605734531100083,0.11654751005926492,0.0,0.0
4,3,2,0.9080309925141961,1,2,0.3804781583978807,-0.001260769771837733,1.1414583805329575,-0.8990280712988121,0.0,0.0
7,3,2,0.9080309925141961,1,2,-0.5219058949076191,0.9654129027562007,1.1414583805329575,-0.8990280712988121,0.0,0.0
4,3,2,0.9080309925141961,2,1,-0.901857075246777,0.7164211992262514,1.1414583805329575,-0.8990280712988121,0.0,0.0
4,3,2,0.9080309925141961,1,1,-0.0944608170260668,-0.1696963339244505,-0.8605734531100083,1.1321230914173421,0.0,0.0
2,3,4,-0.9705639733473114,1,2,-1.2343143580435398,-1.214485050697179,-0.8605734531100083,-0.8990280712988121,0.0,0.0
4,3,2,0.9080309925141961,1,2,-0.2844364071956458,0.936119761164442,1.1414583805329575,-0.8990280712988121,0.0,0.0
7,3,0,-0.9705639733473114,0,2,0.40422510716907756,-1.214485050697179,-0.8605734531100083,0.11654751005926492,0.0,0.0
6,3,3,0.9080309925141961,2,2,1.449090853101761,0.9873827589500197,1.1414583805329575,-0.8990280712988121,0.0,0.0
8,1,3,0.9080309925141961,2,2,1.6153194945001432,1.3498365642453813,0.1404424637114745,1.1321230914173421,0.0,0.0
7,3,2,-0.9705639733473114,1,1,-0.2844364071956458,-0.7460388947423038,-0.8605734531100083,1.1321230914173421,0.0,0.0
4,3,2,0.9080309925141961,0,2,0.42797205594027543,-0.18678399985297642,0.1404424637114745,1.1321230914173421,0.0,0.0
4,3,2,0.9080309925141961,0,1,0.7129354411946429,-0.5028569976280532,-0.8605734531100083,1.1321230914173421,0.0,0.0
6,3,0,-0.9705639733473114,0,2,0.1905025682283017,-0.7482358803616856,-0.8605734531100083,1.1321230914173421,0.0,0.0
4,3,2,2.786625958375703,1,2,0.5467067997962618,-0.35766065913823575,-0.8605734531100083,1.1321230914173421,0.0,0.0
6,3,0,-0.031266490416557664,0,2,0.1905025682283017,-0.3552195640055892,0.1404424637114745,1.1321230914173421,0.0,0.0
0,3,2,-0.9705639733473114,1,2,0.9029110313642219,-0.5773592210764263,-0.8605734531100083,0.11654751005926492,0.0,0.0
7,3,3,-0.9705639733473114,1,2,-0.40317115105163215,-0.04031829189418272,-0.8605734531100083,1.1321230914173421,0.0,0.0
0,3,1,-0.9705639733473114,1,2,0.9029110313642219,-0.9391295197346468,-0.8605734531100083,0.11654751005926492,0.0,0.0
4,3,3,0.9080309925141961,2,2,-0.04696691948367205,1.0044704248785457,0.1404424637114745,1.1321230914173421,0.0,0.0
4,3,1,0.9080309925141961,1,2,-0.04696691948367205,-0.31860313701589077,1.1414583805329575,-0.8990280712988121,0.0,0.0
0,3,4,-1.909861456278065,1,1,-0.8068692801619876,-1.1363700064524889,-0.8605734531100083,-0.8990280712988121,0.0,0.0
6,3,1,0.9080309925141961,1,2,-0.3794242022804348,-0.6261811237293575,1.1414583805329575,-0.8990280712988121,0.0,0.0
4,3,2,0.9080309925141961,1,2,-0.996844870331566,0.8084748966783534,1.1414583805329575,-0.8990280712988121,0.0,0.0
6,3,2,0.9080309925141961,1,2,-0.4269180998228295,2.6961493518026125,1.1414583805329575,-0.8990280712988121,0.0,0.0
2,3,2,-0.9705639733473114,2,1,1.0216457752202093,-0.528537318423495,-0.8605734531100083,1.1321230914173421,0.0,0.0
7,4,2,-0.9705639733473114,1,2,-0.7593753826195928,0.7335088651547773,0.5471051799202019,-0.8990280712988121,0.0,0.0
2,3,3,-0.9705639733473114,1,2,0.8316701850506303,0.13275535301045846,1.1414583805329575,-0.8990280712988121,0.0,0.0
6,5,3,0.9080309925141961,2,2,1.3541030580169715,1.8686181018354284,1.1414583805329575,-0.8990280712988121,0.0,0.0
0,3,2,-0.9705639733473114,1,2,0.1905025682283017,-0.4797154157705638,1.1414583805329575,-0.8990280712988121,0.0,0.0
4,3,1,-0.9705639733473114,1,2,-0.8781101264755796,0.1305583673910766,-0.8605734531100083,0.11654751005926492,0.0,0.0
0,3,2,-0.9705639733473114,1,2,-0.996844870331566,-0.34301408834235636,0.1404424637114745,-0.8990280712988121,0.0,0.0
2,3,4,-0.9705639733473114,2,2,1.8527889822121157,-0.7937867155368705,-0.8605734531100083,1.1321230914173421,0.0,0.0
0,3,4,-0.9705639733473114,1,1,0.1905025682283017,-1.214485050697179,-0.8605734531100083,1.1321230914173421,0.0,0.0
4,1,3,0.9080309925141961,2,2,1.4253439043305642,0.740832150552717,-0.8605734531100083,1.1321230914173421,0.0,0.0
6,4,2,-0.9705639733473114,1,2,-1.8042411285522761,1.0947909447864685,1.1414583805329575,-0.8990280712988121,0.0,0.0
2,3,4,0.9080309925141961,1,2,-0.04696691948367205,-0.5214581425388201,0.1404424637114745,-0.8990280712988121,0.0,0.0
7,3,4,0.9080309925141961,1,1,0.42797205594027543,-1.1388111015851354,-0.8605734531100083,1.1321230914173421,0.0,0.0
8,1,2,0.9080309925141961,2,2,0.42797205594027543,0.7164211992262514,0.1404424637114745,1.1321230914173421,0.0,0.0
4,1,2,0.9080309925141961,2,2,1.4253439043305642,0.46254730543100897,1.1414583805329575,-0.8990280712988121,0.0,0.0
2,1,3,0.9080309925141961,2,2,0.5229598510250649,1.3266949823878917,0.1404424637114745,1.1321230914173421,0.0,0.0
12,3,4,-0.9705639733473114,1,2,-1.8992289236370656,-1.446633197811867,-0.8605734531100083,-0.8990280712988121,0.0,0.0
2,3,4,-0.9705639733473114,1,2,-0.9256040240179744,-1.2120439555645324,-0.8605734531100083,-0.8990280712988121,0.0,0.0
4,3,2,0.9080309925141961,1,2,-0.1657016633396589,0.03535565721786069,0.1404424637114745,-0.8990280712988121,0.0,0.0
4,3,1,0.9080309925141961,0,2,-0.04696691948367205,-0.13796209720004518,1.1414583805329575,-0.8990280712988121,0.0,0.0
6,5,3,0.9080309925141961,2,2,2.660185240432827,3.098685939176031,1.1414583805329575,-0.8990280712988121,0.0,0.0
2,3,2,0.9080309925141961,1,2,0.8316701850506303,0.740832150552717,1.1414583805329575,-0.8990280712988121,0.0,0.0
4,4,2,0.9080309925141961,1,2,-1.733000282238684,1.7172702036113416,1.1414583805329575,-0.8990280712988121,0.0,0.0
4,2,4,-0.9705639733473114,1,2,-0.9256040240179744,-0.12575662153681239,0.1404424637114745,-0.8990280712988121,0.0,0.0
6,2,2,0.9080309925141961,1,2,-1.8042411285522761,1.44874973902022,1.1414583805329575,-0.8990280712988121,0.0,0.0
11,3,2,-0.9705639733473114,1,2,0.1905025682283017,-0.037877196761536155,-0.8605734531100083,0.11654751005926492,0.0,0.0
6,3,0,0.9080309925141961,0,2,0.04802087560111745,-0.406482561791167,-0.8605734531100083,3.1632742541334964,0.0,0.0
7,3,2,-0.9705639733473114,2,2,0.9029110313642219,-0.4553044644440982,-0.8605734531100083,1.1321230914173421,0.0,0.0
10,4,2,0.9080309925141961,1,2,-2.872853823256157,1.7172702036113416,1.1414583805329575,-0.8990280712988121,0.0,0.0
4,3,3,0.9080309925141961,2,2,-0.0944608170260668,0.40396102224749153,-0.8605734531100083,1.1321230914173421,0.0,0.0
4,3,2,0.9080309925141961,0,2,0.3804781583978807,-0.013930053510273521,1.1414583805329575,-0.8990280712988121,0.0,0.0
7,4,3,0.9080309925141961,1,2,-1.661759435925092,2.5960644513641036,1.1414583805329575,-0.8990280712988121,0.0,0.0
6,2,4,-0.9705639733473114,1,1,-1.8754819748658684,-1.002109774156928,-0.8605734531100083,-0.8990280712988121,0.0,0.0
4,3,2,-0.9705639733473114,1,2,-0.6168936899924086,-0.0989045750777002,-0.8605734531100083,0.11654751005926492,0.0,0.0
7,3,1,-0.9705639733473114,1,2,0.1905025682283017,-0.7460388947423038,-0.8605734531100083,0.11654751005926492,0.0,0.0
11,4,2,-0.9705639733473114,1,2,-1.8279880773234736,0.7188622943588979,0.1404424637114745,-0.8990280712988121,0.0,0.0
8,1,2,0.9080309925141961,2,2,0.9029110313642219,0.9849416638173731,1.1414583805329575,-0.8990280712988121,0.0,0.0
11,3,4,-0.9705639733473114,1,2,-0.6406406387636059,-0.72382492903522,0.1404424637114745,-0.8990280712988121,0.0,0.0
4,3,1,-0.9705639733473114,1,2,-0.6168936899924086,-0.5138907476276157,-0.8605734531100083,0.11654751005926492,0.0,0.0
2,3,2,-0.9705639733473114,2,1,0.1905025682283017,-0.6750030263822887,-0.8605734531100083,1.1321230914173421,0.0,0.0
7,3,2,0.9080309925141961,1,2,-0.7593753826195928,0.9532074270929679,1.1414583805329575,-0.8990280712988121,0.0,0.0
11,3,1,-0.9705639733473114,1,2,-0.04696691948367205,-0.3088387564853045,-0.8605734531100083,0.11654751005926492,0.0,0.0
7,3,4,-0.9705639733473114,1,1,-1.2343143580435398,-1.1485754821157217,-0.8605734531100083,-0.8990280712988121,0.0,0.0
2,3,2,0.9080309925141961,1,2,0.6654415436522482,-0.5016852719643828,-0.8605734531100083,-0.6390407224711444,0.0,0.0
6,3,2,0.9080309925141961,2,2,1.449090853101761,0.27946517048251684,-0.8605734531100083,1.1321230914173421,0.0,0.0
4,3,2,0.9080309925141961,1,2,0.3804781583978807,-0.19901388646753568,0.1404424637114745,-0.8990280712988121,0.0,0.0
6,4,3,0.9080309925141961,1,2,-1.1393265629587503,2.622916497823216,3.143490214175923,-0.8990280712988121,0.0,0.0
4,3,3,-0.9705639733473114,0,2,0.3804781583978807,-0.13796209720004518,1.1414583805329575,-0.8990280712988121,0.0,0.0
6,4,3,0.9080309925141961,1,2,-1.1393265629587503,1.6415962544992984,3.143490214175923,-0.8990280712988121,0.0,0.0
6,3,4,-0.9705639733473114,1,1,-0.3794242022804348,-1.2120439555645324,0.1404424637114745,-0.8990280712988121,0.0,0.0
4,3,3,0.9080309925141961,0,1,1.9240298285257085,0.16961588951342157,-0.8605734531100083,1.1321230914173421,0.0,0.0
4,3,2,0.9080309925141961,1,2,-0.2844364071956458,0.3649035001251465,0.1404424637114745,-0.8990280712988121,0.0,0.0
2,3,4,-0.9705639733473114,1,2,-0.04696691948367205,-0.8458796856675481,-0.8605734531100083,1.1321230914173421,0.0,0.0
7,3,1,-0.9705639733473114,1,1,0.42797205594027543,-0.7970577830146168,-0.8605734531100083,1.1321230914173421,0.0,0.0
6,3,2,0.9080309925141961,0,2,-0.4269180998228295,1.3511059337143574,1.1414583805329575,-0.8990280712988121,0.0,0.0
11,3,2,-0.9705639733473114,1,2,-2.3029270527474206,1.1948758452249775,0.1404424637114745,-0.8990280712988121,0.0,0.0
6,3,2,-0.9705639733473114,1,2,0.11926172191470905,0.27946517048251684,-0.8605734531100083,0.11654751005926492,0.0,0.0
11,4,2,0.9080309925141961,1,2,-1.9467228211794605,0.7310677700221307,1.1414583805329575,-0.8990280712988121,0.0,0.0
4,5,3,0.9080309925141961,2,2,0.49921290225386705,2.3983357456197325,-0.8605734531100083,1.1321230914173421,0.0,0.0
7,3,2,-0.9705639733473114,1,2,0.8554171338218272,0.6334239647162683,-0.8605734531100083,0.11654751005926492,0.0,0.0
7,3,1,-0.9705639733473114,0,1,0.42797205594027543,-0.7726468316881512,-0.8605734531100083,1.1321230914173421,0.0,0.0
4,4,3,0.9080309925141961,1,2,-0.996844870331566,2.183519373946835,1.1414583805329575,-0.8990280712988121,0.0,0.0
2,3,4,-0.9705639733473114,1,1,-0.04696691948367205,-0.9679588532512026,-0.8605734531100083,1.1321230914173421,0.0,0.0
4,3,2,-0.9705639733473114,2,2,0.3804781583978807,0.28556790831413326,0.1404424637114745,1.1321230914173421,0.0,0.0
6,3,2,-0.9705639733473114,1,2,0.04802087560111745,0.10614741606461098,1.1414583805329575,-0.8990280712988121,0.0,0.0
2,3,4,-0.9705639733473114,1,2,-0.8781101264755796,-1.0924302940648507,-0.8605734531100083,-0.8990280712988121,0.0,0.0
4,3,4,-0.9705639733473114,1,2,0.42797205594027543,-1.041167296279273,-0.8605734531100083,0.11654751005926492,0.0,0.0
4,3,1,-0.9705639733473114,0,1,0.3804781583978807,-0.8295243482788162,-0.8605734531100083,1.1321230914173421,0.0,0.0
2,1,2,2.786625958375703,2,2,0.42797205594027543,1.4021248219866709,0.1404424637114745,1.1321230914173421,0.0,0.0
7,3,0,-0.9705639733473114,0,2,1.8527889822121157,-1.0167563449528074,-0.8605734531100083,0.11654751005926492,0.0,0.0
6,3,2,-0.9705639733473114,1,2,-0.1657016633396589,1.1460539425720462,0.1404424637114745,-0.8990280712988121,0.0,0.0
10,4,3,0.9080309925141961,1,2,-2.017963667493053,2.205489230140654,1.1414583805329575,-0.8990280712988121,0.0,0.0
11,3,2,0.9080309925141961,1,2,-2.3029270527474206,1.6586839204278243,1.1414583805329575,-0.8990280712988121,0.0,0.0
4,1,3,0.9080309925141961,2,1,1.4253439043305642,0.3258459780028015,-0.8605734531100083,1.1321230914173421,0.0,0.0
6,3,3,0.9080309925141961,2,2,0.04802087560111745,0.25505421915605125,-0.8605734531100083,1.1321230914173421,0.0,0.0
4,3,1,-0.9705639733473114,0,2,0.3804781583978807,-0.4430989887808654,-0.8605734531100083,1.1321230914173421,0.0,0.0
4,3,2,0.9080309925141961,1,2,-0.2844364071956458,0.3404925487986809,-0.8605734531100083,0.11654751005926492,0.0,0.0
6,2,3,0.9080309925141961,1,2,-1.8042411285522761,1.6782126814889966,3.143490214175923,-0.8990280712988121,0.0,0.0
4,3,2,0.9080309925141961,1,2,-0.996844870331566,0.9995882346132525,1.1414583805329575,-0.8990280712988121,0.0,0.0
7,3,3,-0.031266490416557664,2,2,0.42797205594027543,-0.0159073405677171,1.1414583805329575,-0.8990280712988121,0.0,0.0
6,3,3,0.9080309925141961,2,2,0.04802087560111745,0.5455201289896656,1.1414583805329575,-0.8990280712988121,0.0,0.0
0,3,1,-0.9705639733473114,1,2,0.9029110313642219,-0.72382492903522,-0.8605734531100083,1.1321230914173421,0.0,0.0
7,3,2,-0.9705639733473114,1,2,-1.376796050670724,0.20867341163576658,0.1404424637114745,-0.8990280712988121,0.0,0.0
6,3,2,0.9080309925141961,1,2,-1.258061306814737,0.40151992711484497,1.1414583805329575,-0.8990280712988121,0.0,0.0
8,1,2,0.9080309925141961,2,2,0.42797205594027543,0.7918754497763568,0.1404424637114745,1.1321230914173421,0.0,0.0
4,3,2,-0.9705639733473114,0,2,0.3804781583978807,-0.26980564531428597,-0.8605734531100083,1.1321230914173421,0.0,0.0
6,4,3,0.9080309925141961,0,2,-0.4269180998228295,1.2241445758654097,1.1414583805329575,-0.8990280712988121,0.0,0.0
4,3,2,-0.9705639733473114,1,2,-0.1657016633396589,-0.16017606290712896,-0.8605734531100083,0.11654751005926492,0.0,0.0
6,3,2,0.9080309925141961,1,2,0.689188492423446,0.90194442930739,1.1414583805329575,-0.8990280712988121,0.0,0.0
4,3,2,-0.9705639733473114,1,2,0.3804781583978807,-0.21348958060412995,-0.8605734531100083,1.1321230914173421,0.0,0.0
6,3,2,-0.9705639733473114,1,2,-0.1657016633396589,0.8628869071850451,-0.8605734531100083,0.11654751005926492,0.0,0.0
7,3,4,-0.9705639733473114,1,2,0.42797205594027543,-1.1876330042380667,-0.8605734531100083,1.1321230914173421,0.0,0.0
6,4,2,-0.9705639733473114,1,2,-1.8042411285522761,1.9125578142230666,-0.8605734531100083,0.11654751005926492,0.0,0.0
6,3,4,-0.9705639733473114,1,1,-0.3794242022804348,-1.2366990164042626,-0.8605734531100083,1.1321230914173421,0.0,0.0
6,2,2,0.9080309925141961,1,2,-1.8042411285522761,2.132256376161257,1.1414583805329575,-0.8990280712988121,0.0,0.0
4,3,1,-0.9705639733473114,1,2,0.3804781583978807,-0.5783356591294848,-0.8605734531100083,1.1321230914173421,0.0,0.0
8,1,3,0.9080309925141961,2,2,0.42797205594027543,0.9849416638173731,0.1404424637114745,1.1321230914173421,0.0,0.0
4,4,2,0.9080309925141961,1,2,-1.5667716408403025,2.0590235221818602,1.1414583805329575,-0.8990280712988121,0.0,0.0
2,3,4,-0.9705639733473114,2,2,1.8527889822121157,-0.6481509799231766,-0.8605734531100083,1.1321230914173421,0.0,0.0
0,3,2,-0.9705639733473114,1,2,0.49921290225386705,-0.4308935131176326,-0.8605734531100083,0.11654751005926492,0.0,0.0
11,3,2,0.9080309925141961,1,2,0.42797205594027543,0.7896540532056483,1.1414583805329575,-0.8990280712988121,0.0,0.0
7,3,3,0.9080309925141961,2,1,0.42797205594027543,-0.26978123436295953,-0.8605734531100083,1.1321230914173421,0.0,0.0
4,3,1,-0.9705639733473114,0,2,0.8079232362794324,-0.3332497078117701,-0.8605734531100083,1.1321230914173421,0.0,0.0
0,3,4,-0.9705639733473114,1,1,-0.8068692801619876,-1.0899891989322041,-0.8605734531100083,-0.8990280712988121,0.0,0.0
4,4,3,0.9080309925141961,1,2,-1.5667716408403025,2.3910124602217926,1.1414583805329575,-0.8990280712988121,0.0,0.0
11,3,2,0.9080309925141961,1,2,-1.9467228211794605,1.6220674934381258,1.1414583805329575,-0.8990280712988121,0.0,0.0
2,0,4,0.9080309925141961,1,1,-1.9467228211794605,0.8872978585115108,-0.8605734531100083,-0.8990280712988121,0.0,0.0
4,4,3,0.9080309925141961,1,2,-1.7092533334674866,1.1533772279699859,1.1414583805329575,-0.8990280712988121,0.0,0.0
11,3,2,0.9080309925141961,1,2,-1.9467228211794605,1.805149628386618,1.1414583805329575,-0.8990280712988121,0.0,0.0
0,3,2,2.786625958375703,2,2,0.9029110313642219,0.5211335886145265,0.1404424637114745,1.1321230914173421,0.0,0.0
6,3,2,0.9080309925141961,2,2,0.04802087560111745,0.1244556295594602,-0.8605734531100083,1.1321230914173421,0.0,0.0
4,3,1,-0.9705639733473114,0,1,0.5467067997962618,-0.8053086845629622,-0.8605734531100083,1.1321230914173421,0.0,0.0
4,3,2,-0.9705639733473114,1,2,-0.2844364071956458,0.07197208420755911,-0.8605734531100083,0.11654751005926492,0.0,0.0
6,3,1,-0.9705639733473114,1,2,0.04802087560111745,-0.26978123436295953,-0.8605734531100083,0.11654751005926492,0.0,0.0
7,3,2,-0.031266490416557664,2,2,0.9029110313642219,-0.2453702830364939,1.1414583805329575,-0.8990280712988121,0.0,0.0
11,3,2,0.9080309925141961,1,2,-0.1657016633396589,0.9385608562970885,1.1414583805329575,-0.8990280712988121,0.0,0.0
7,3,2,-0.9705639733473114,1,2,-0.7593753826195928,0.5040459226860006,-0.8605734531100083,-0.8990280712988121,0.0,0.0
6,3,3,-0.031266490416557664,1,2,0.04802087560111745,-0.528537318423495,-0.8605734531100083,1.1321230914173421,0.0,0.0
11,3,2,-0.9705639733473114,1,2,-1.9467228211794605,0.975177283286787,0.1404424637114745,-0.8990280712988121,0.0,0.0
7,3,0,-0.031266490416557664,0,2,0.42797205594027543,-0.6017701724028919,1.1414583805329575,-0.8990280712988121,0.0,0.0
5,3,2,-0.9705639733473114,1,2,0.6654415436522482,-0.35766065913823575,1.1414583805329575,-0.8990280712988121,0.0,0.0
11,3,2,-0.9705639733473114,1,2,-0.6406406387636059,0.29167064614574967,-0.8605734531100083,0.11654751005926492,0.0,0.0
4,3,2,-0.9705639733473114,0,2,0.5467067997962618,-0.4797154157705638,-0.8605734531100083,0.11654751005926492,0.0,0.0
6,3,2,0.9080309925141961,1,2,0.04802087560111745,0.025591276687274445,-0.8605734531100083,1.1321230914173421,0.0,0.0
4,3,3,0.9080309925141961,0,2,0.8079232362794324,-0.11355114587357958,-0.8605734531100083,1.1321230914173421,0.0,0.0
4,3,2,0.9080309925141961,1,2,-0.996844870331566,0.7896540532056483,0.1404424637114745,-0.8990280712988121,0.0,0.0
6,2,4,0.9080309925141961,1,2,-2.4929026429169996,2.715678112863785,3.143490214175923,-0.8990280712988121,0.0,0.0
6,3,1,-0.9705639733473114,0,2,0.1905025682283017,-0.72382492903522,0.1404424637114745,1.1321230914173421,0.0,0.0
7,3,4,-0.9705639733473114,1,1,-0.2844364071956458,-1.2813222354290417,0.1404424637114745,-0.8990280712988121,0.0,0.0
7,3,2,0.9080309925141961,1,2,0.6654415436522482,1.3511059337143574,1.1414583805329575,-0.8990280712988121,0.0,0.0
2,3,2,0.9080309925141961,1,2,-1.4717838457555135,0.8653280023176917,1.1414583805329575,-0.8990280712988121,0.0,0.0
0,3,4,-0.9705639733473114,1,2,0.9029110313642219,-1.0143152498201609,-0.8605734531100083,0.11654751005926492,0.0,0.0
6,4,3,0.9080309925141961,1,2,-1.2818082555859345,3.157516331872813,3.143490214175923,-0.8990280712988121,0.0,0.0
4,3,1,-0.9705639733473114,1,2,0.3804781583978807,-0.606652362668185,0.1404424637114745,-0.8990280712988121,0.0,0.0
6,3,2,-0.9705639733473114,1,2,-0.901857075246777,-0.04031829189418272,-0.8605734531100083,0.11654751005926492,0.0,0.0
6,3,2,-0.9705639733473114,1,2,-1.2818082555859345,0.7432488347340371,1.1414583805329575,-0.8990280712988121,0.0,0.0
6,3,2,-0.9705639733473114,1,2,-0.1657016633396589,0.9995882346132525,1.1414583805329575,-0.8990280712988121,0.0,0.0
6,4,3,0.9080309925141961,1,2,-1.4005429994419214,1.5952154469790136,1.1414583805329575,-0.8990280712988121,0.0,0.0
6,3,2,0.9080309925141961,2,2,-0.901857075246777,0.619412078654877,1.1414583805329575,-0.8990280712988121,0.0,0.0
6,3,1,-0.9705639733473114,1,2,-0.901857075246777,-0.2722223294956061,-0.8605734531100083,0.11654751005926492,0.0,0.0
4,1,2,0.9080309925141961,2,2,1.4965847506441556,0.37466788065573275,-0.8605734531100083,-0.8990280712988121,0.0,0.0
6,4,2,-0.9705639733473114,1,2,-1.8042411285522761,1.8149140089172042,-0.8605734531100083,0.11654751005926492,0.0,0.0
6,3,2,-0.9705639733473114,1,2,-1.2818082555859345,1.9394098606821788,1.1414583805329575,-0.8990280712988121,0.0,0.0
6,4,3,0.9080309925141961,1,2,-1.1393265629587503,2.664927745056063,1.1414583805329575,-0.8990280712988121,0.0,0.0
6,3,1,-0.9705639733473114,1,2,-1.258061306814737,0.010944705891395075,-0.8605734531100083,0.11654751005926492,0.0,0.0
11,3,2,0.9080309925141961,1,2,-1.2343143580435398,1.0117937102764853,1.1414583805329575,-0.8990280712988121,0.0,0.0
6,3,1,-0.9705639733473114,1,2,0.04802087560111745,-0.06231255903932822,1.1414583805329575,-0.8990280712988121,0.0,0.0
11,4,2,0.9080309925141961,1,2,-1.9467228211794605,1.9394098606821788,1.1414583805329575,-0.8990280712988121,0.0,0.0
6,3,3,0.9080309925141961,2,2,-0.901857075246777,0.9518160028673595,1.1414583805329575,-0.8990280712988121,0.0,0.0
4,3,2,0.9080309925141961,1,2,0.1667556194571038,0.6125281903808139,-0.8605734531100083,0.11654751005926492,0.0,0.0
6,4,2,-0.9705639733473114,1,2,-1.8042411285522761,1.8637359115701353,1.1414583805329575,-0.8990280712988121,0.0,0.0
6,3,2,-0.9705639733473114,1,2,0.689188492423446,0.9605307124909076,-0.8605734531100083,0.11654751005926492,0.0,0.0
6,3,2,-0.9705639733473114,1,2,-0.1657016633396589,0.6456294403795011,-0.8605734531100083,0.11654751005926492,0.0,0.0
6,3,2,0.9080309925141961,2,2,1.449090853101761,0.6944513430324324,1.1414583805329575,-0.8990280712988121,0.0,0.0
6,3,2,-0.9705639733473114,1,2,-0.901857075246777,0.43325416383925025,1.1414583805329575,-0.8990280712988121,0.0,0.0
0,3,0,-0.031266490416557664,0,2,0.1905025682283017,-0.9435234909734106,-0.8605734531100083,1.1321230914173421,0.0,0.0
8,1,3,0.9080309925141961,2,2,1.6153194945001432,0.9673657788623178,0.1404424637114745,1.1321230914173421,0.0,0.0
6,3,2,0.9080309925141961,1,2,-0.1657016633396589,0.975177283286787,1.1414583805329575,-0.8990280712988121,0.0,0.0
6,3,3,0.9080309925141961,1,2,-0.4269180998228295,1.0581501068454435,1.1414583805329575,-0.8990280712988121,0.0,0.0
6,4,3,0.9080309925141961,1,2,-1.8042411285522761,1.3511059337143574,1.1414583805329575,-0.8990280712988121,0.0,0.0
6,3,2,-0.9705639733473114,1,2,0.04802087560111745,-0.13063881180210551,-0.8605734531100083,0.11654751005926492,0.0,0.0
4,3,2,0.9080309925141961,1,2,0.1667556194571038,0.6528306710208086,1.1414583805329575,-0.8990280712988121,0.0,0.0
6,3,2,0.9080309925141961,1,2,-0.901857075246777,0.5248196422648228,1.1414583805329575,-0.8990280712988121,0.0,0.0
12,3,4,-1.909861456278065,1,2,-1.3530491018995265,-1.4273485462639588,-0.8605734531100083,-0.8990280712988121,0.0,0.0
7,3,2,0.9080309925141961,1,2,0.6654415436522482,0.6202420509999766,1.1414583805329575,-0.8990280712988121,0.0,0.0
6,3,2,-0.9705639733473114,1,2,-1.1393265629587503,0.4991637324207074,-0.8605734531100083,0.11654751005926492,0.0,0.0
6,3,2,0.9080309925141961,1,2,-0.4269180998228295,3.192521636074965,1.1414583805329575,0.11654751005926492,0.0,0.0
6,3,2,0.9080309925141961,1,2,-1.4005429994419214,1.644037349631945,1.1414583805329575,-0.8990280712988121,0.0,0.0
2,2,4,-0.9705639733473114,1,1,-1.9467228211794605,-1.2391401115369092,-0.8605734531100083,-0.8990280712988121,0.0,0.0
6,3,2,-0.9705639733473114,1,2,0.04802087560111745,0.44790073463512964,1.1414583805329575,-0.8990280712988121,0.0,0.0
6,3,1,-0.9705639733473114,1,2,0.689188492423446,-0.22059316744013135,-0.8605734531100083,0.11654751005926492,0.0,0.0
6,3,2,-0.9705639733473114,1,1,-0.14195471456846154,-0.72382492903522,-0.8605734531100083,0.11654751005926492,0.0,0.0
0,3,0,0.9080309925141961,0,2,0.9029110313642219,-0.8458796856675481,-0.8605734531100083,1.1321230914173421,0.0,0.0
6,3,3,0.9080309925141961,1,2,0.04802087560111745,0.6700403917059667,1.1414583805329575,-0.8990280712988121,0.0,0.0
4,3,2,-0.9705639733473114,1,2,0.5467067997962618,-0.5773592210764263,-0.8605734531100083,1.1321230914173421,0.0,0.0
4,4,3,0.9080309925141961,1,2,-1.733000282238684,1.6171853031728327,1.1414583805329575,-0.8990280712988121,0.0,0.0
4,3,1,-0.9705639733473114,1,2,0.0955147731435122,-0.7653723681928645,-0.8605734531100083,0.11654751005926492,0.0,0.0
6,3,2,-0.9705639733473114,1,2,0.689188492423446,0.9849416638173731,-0.8605734531100083,0.11654751005926492,0.0,0.0
6,4,2,0.9080309925141961,1,2,-1.8042411285522761,0.9849416638173731,1.1414583805329575,-0.8990280712988121,0.0,0.0
6,3,3,0.9080309925141961,1,2,-1.258061306814737,0.7188622943588979,1.1414583805329575,-0.8990280712988121,0.0,0.0
7,3,2,0.9080309925141961,0,2,2.327727957636063,-0.3332497078117701,-0.8605734531100083,-0.896996920136096,0.0,0.0
7,3,2,-0.9705639733473114,1,2,0.1905025682283017,-0.623740028596711,-0.8605734531100083,0.11654751005926492,0.0,0.0
6,3,2,-0.9705639733473114,1,2,0.689188492423446,0.35269802446191373,-0.8605734531100083,0.11654751005926492,0.0,0.0
4,3,2,0.9080309925141961,1,2,0.3804781583978807,-0.11111005074093301,1.1414583805329575,-0.8990280712988121,0.0,0.0
6,3,2,-0.9705639733473114,1,2,-1.1393265629587503,0.5748132705814244,-0.8605734531100083,0.11654751005926492,0.0,0.0
6,5,3,0.9080309925141961,0,2,-0.2844364071956458,1.7075058230807554,1.1414583805329575,-0.8990280712988121,0.0,0.0
7,3,2,0.9080309925141961,1,2,-0.7593753826195928,0.9849416638173731,0.5471051799202019,-0.8990280712988121,0.0,0.0
6,3,4,-0.9705639733473114,1,1,-1.733000282238684,-0.44065789364821883,-0.8605734531100083,-0.8990280712988121,0.0,0.0
0,3,0,-0.9705639733473114,0,2,0.9029110313642219,-0.9972275838916349,-0.8605734531100083,0.11654751005926492,0.0,0.0
4,3,4,-0.9705639733473114,1,1,0.42797205594027543,-0.9813848764807587,-0.8605734531100083,0.11654751005926492,0.0,0.0
6,3,1,-0.9705639733473114,1,1,-0.3794242022804348,-1.0973368952814704,-0.8605734531100083,1.1321230914173421,0.0,0.0
6,2,2,-0.9705639733473114,1,2,0.9029110313642219,1.9613797168759979,0.1404424637114745,-0.8990280712988121,0.0,0.0
0,3,2,0.9080309925141961,2,2,0.9029110313642219,0.008503610758748514,1.1414583805329575,1.1321230914173421,0.0,0.0
4,3,2,0.9080309925141961,0,2,0.8079232362794324,-0.3825598294912308,-0.8605734531100083,1.1321230914173421,0.0,0.0
8,1,3,0.9080309925141961,2,2,1.3778500067881694,1.9613797168759979,1.1414583805329575,-0.8990280712988121,0.0,0.0
6,3,4,-0.9705639733473114,1,2,-0.14195471456846154,-0.7213838339025734,-0.8605734531100083,1.1321230914173421,0.0,0.0
4,4,1,-0.9705639733473114,1,2,-1.2343143580435398,0.8290777395978904,-0.8605734531100083,0.11654751005926492,0.0,0.0
4,4,1,-0.9705639733473114,1,2,-1.2343143580435398,0.9067533867187039,0.1404424637114745,-0.8990280712988121,0.0,0.0
0,3,4,-0.9705639733473114,1,1,0.42797205594027543,-1.431742517502723,-0.735446463507323,-0.8990280712988121,0.0,0.0
4,4,2,0.9080309925141961,1,2,-1.2343143580435398,1.507580131717002,1.1414583805329575,-0.8990280712988121,0.0,0.0
8,1,3,0.9080309925141961,2,2,2.0902584699240894,1.7470271532783035,0.1404424637114745,1.1321230914173421,0.0,0.0
6,3,0,-0.9705639733473114,0,2,0.1905025682283017,-0.9703755374325227,-0.8605734531100083,1.1321230914173421,0.0,0.0
4,3,2,-0.9705639733473114,0,2,0.5229598510250649,-0.06436307895075141,-0.8605734531100083,0.11654751005926492,0.0,0.0
7,3,1,-0.9705639733473114,1,2,0.1905025682283017,-0.8947015883204793,0.1404424637114745,-0.8990280712988121,0.0,0.0
6,4,3,0.9080309925141961,1,2,-2.04171061626425,2.8645849159552252,3.143490214175923,-0.8990280712988121,0.0,0.0
4,4,3,0.9080309925141961,1,2,-1.8754819748658684,1.4243387876937543,1.1414583805329575,-0.8990280712988121,0.0,0.0
12,3,4,-0.9705639733473114,1,2,-1.5905185896115,-1.463476754227128,-0.8605734531100083,-0.8990280712988121,0.0,0.0
6,3,2,0.9080309925141961,1,2,-2.04171061626425,2.183519373946835,1.1414583805329575,-0.8990280712988121,0.0,0.0
6,3,2,0.9080309925141961,1,2,-1.4005429994419214,1.7514455354683935,1.1414583805329575,-0.8990280712988121,0.0,0.0
4,3,2,-0.9705639733473114,1,1,0.1667556194571038,-0.6637007559181352,-0.8605734531100083,0.11654751005926492,0.0,0.0
2,3,1,-0.9705639733473114,1,2,-0.04696691948367205,-0.8800550175245999,-0.8605734531100083,1.1321230914173421,0.0,0.0
6,4,2,0.9080309925141961,1,2,-1.8042411285522761,2.68394387613938,1.1414583805329575,-0.8990280712988121,0.0,0.0
6,3,3,0.9080309925141961,1,2,0.04802087560111745,-0.406482561791167,-0.8605734531100083,3.1632742541334964,0.0,0.0
2,3,4,-0.9705639733473114,1,2,-1.2343143580435398,-1.2633069533501102,-0.8605734531100083,-0.8990280712988121,0.0,0.0
6,4,3,0.9080309925141961,1,2,-0.4269180998228295,-0.10622786047563988,1.1414583805329575,-0.8990280712988121,0.0,0.0
0,3,2,-0.9705639733473114,2,2,0.49921290225386705,-0.43821679851557227,-0.8605734531100083,1.1321230914173421,0.0,0.0
4,3,2,0.9080309925141961,0,2,1.1403805190761955,-0.02811281623094991,-0.8605734531100083,1.1321230914173421,0.0,0.0
8,1,3,0.9080309925141961,2,2,0.9029110313642219,0.8477521173626363,0.1404424637114745,1.1321230914173421,0.0,0.0
6,5,3,0.9080309925141961,2,2,-0.04696691948367205,2.693708256669966,1.1414583805329575,-0.8990280712988121,0.0,0.0
4,3,3,0.9080309925141961,2,2,0.3804781583978807,0.5233305742339083,1.1414583805329575,-0.8990280712988121,0.0,0.0
6,3,2,0.9080309925141961,1,2,-0.3319303047380405,1.9125578142230666,1.1414583805329575,-0.8990280712988121,0.0,0.0
7,3,1,-0.9705639733473114,1,1,-0.2844364071956458,-1.1144001502586698,-0.8605734531100083,1.1321230914173421,0.0,0.0
6,3,0,-0.9705639733473114,0,2,-0.3794242022804348,-1.2169261458298255,-0.8605734531100083,0.11654751005926492,0.0,0.0
7,3,2,0.9080309925141961,0,1,0.7129354411946429,-0.4797154157705638,-0.8605734531100083,1.1321230914173421,0.0,0.0
4,1,3,0.9080309925141961,2,2,1.4253439043305642,0.9849416638173731,-0.8605734531100083,1.1321230914173421,0.0,0.0
6,3,0,-0.9705639733473114,0,2,-0.2606894584244484,-0.7729153521527424,1.1414583805329575,-0.8990280712988121,0.0,0.0
7,3,2,0.9080309925141961,0,2,1.1403805190761955,-0.017152299085366828,-0.8605734531100083,-0.8990280712988121,0.0,0.0
7,4,3,0.9080309925141961,1,2,-0.7593753826195928,1.7172702036113416,1.1414583805329575,-0.8990280712988121,0.0,0.0
7,3,1,0.9080309925141961,1,2,0.42797205594027543,-0.8214687343410825,-0.8605734531100083,1.1321230914173421,0.0,0.0
6,3,2,-0.9705639733473114,1,1,0.1905025682283017,-0.7775534329047707,-0.8605734531100083,0.11654751005926492,0.0,0.0
4,1,3,0.9080309925141961,2,2,1.4253439043305642,1.714829108478695,0.1404424637114745,1.1321230914173421,0.0,0.0
7,3,1,-0.9705639733473114,2,2,0.42797205594027543,-0.7994988781472634,-0.8605734531100083,1.1321230914173421,0.0,0.0
6,3,4,-1.909861456278065,1,2,-1.376796050670724,-1.3340987121968604,-0.8605734531100083,-0.8990280712988121,0.0,0.0
6,3,3,0.9080309925141961,1,2,-0.14195471456846154,-0.28442780515883886,1.1414583805329575,-0.8990280712988121,0.0,0.0
2,3,4,-0.9705639733473114,1,2,0.42797205594027543,-1.041167296279273,-0.8605734531100083,0.11654751005926492,0.0,0.0
7,3,2,-0.9705639733473114,1,1,0.1905025682283017,-0.9703755374325227,-0.8605734531100083,0.11654751005926492,0.0,0.0
7,3,3,0.9080309925141961,2,1,0.42797205594027543,-0.21119495117944204,-0.8605734531100083,1.1321230914173421,0.0,0.0
2,3,1,-0.9705639733473114,1,2,-0.04696691948367205,-0.06472924322064834,1.1414583805329575,-0.8990280712988121,0.0,0.0
7,3,3,-0.9705639733473114,1,2,0.7129354411946429,0.07197208420755911,-0.8605734531100083,-0.8990280712988121,0.0,0.0
6,3,1,-0.9705639733473114,1,2,0.11926172191470905,-0.3552195640055892,-0.8605734531100083,0.11654751005926492,0.0,0.0
7,4,3,-0.031266490416557664,2,2,-1.1393265629587503,0.08661865500343849,1.1414583805329575,-0.8990280712988121,0.0,0.0
4,3,3,0.9080309925141961,2,1,-0.0944608170260668,0.24287315444414487,1.1414583805329575,-0.8990280712988121,0.0,0.0
0,3,4,-0.9705639733473114,1,2,0.1905025682283017,-1.1290467210545492,-0.8605734531100083,0.11654751005926492,0.0,0.0
0,3,2,-0.9705639733473114,2,2,0.49921290225386705,-0.25513466356708014,1.1414583805329575,-0.8990280712988121,0.0,0.0
6,3,2,-0.9705639733473114,1,2,-0.3794242022804348,-0.7580002608922719,-0.8605734531100083,0.11654751005926492,0.0,0.0
7,3,1,-0.9705639733473114,0,1,-0.2844364071956458,-1.0436083914119196,-0.8605734531100083,1.1321230914173421,0.0,0.0
0,3,4,-0.9705639733473114,1,1,0.1905025682283017,-1.2779535241459894,-0.8605734531100083,1.1321230914173421,0.0,0.0
4,3,1,-0.9705639733473114,0,2,0.6654415436522482,-0.72382492903522,0.1404424637114745,-0.8990280712988121,0.0,0.0
7,3,3,0.9080309925141961,2,1,0.42797205594027543,-0.406482561791167,-0.8605734531100083,0.11654751005926492,0.0,0.0
2,1,3,0.9080309925141961,2,2,0.42797205594027543,0.9117088098379763,-0.8605734531100083,1.1321230914173421,0.0,0.0
4,3,2,0.9080309925141961,0,2,0.8079232362794324,0.22820217269693907,1.1414583805329575,-0.8990280712988121,0.0,0.0
6,3,2,0.9080309925141961,1,2,-0.2606894584244484,-0.528537318423495,1.1414583805329575,-0.8990280712988121,0.0,0.0
7,3,0,-0.9705639733473114,0,2,0.42797205594027543,-1.2120439555645324,-0.8605734531100083,0.11654751005926492,0.0,0.0
0,2,4,-1.909861456278065,1,1,-1.7092533334674866,-1.5171808471453525,-0.6103194739046376,-0.8990280712988121,0.0,0.0
7,3,2,0.9080309925141961,1,1,1.8527889822121157,-0.6261811237293575,-0.8605734531100083,1.1321230914173421,0.0,0.0
8,1,3,0.9080309925141961,2,2,0.42797205594027543,1.6613935360250616,0.1404424637114745,1.1321230914173421,0.0,0.0
6,3,0,-0.031266490416557664,0,2,0.1905025682283017,-0.6505920750558232,-0.8605734531100083,1.1321230914173421,0.0,0.0
2,3,4,-0.9705639733473114,1,2,1.4965847506441556,-1.1876330042380667,-0.8605734531100083,1.1321230914173421,0.0,0.0
4,3,2,-0.9705639733473114,1,1,0.3804781583978807,-0.6680214943029196,-0.8605734531100083,1.1321230914173421,0.0,0.0
8,1,3,0.9080309925141961,2,2,0.42797205594027543,0.8628869071850451,0.1404424637114745,1.1321230914173421,0.0,0.0
1,4,2,-0.9705639733473114,1,0,-2.2316862064338285,0.3990788319821984,-0.8605734531100083,-0.8990280712988121,0.0,0.0
6,3,1,-0.9705639733473114,1,2,0.1905025682283017,-0.7750879268207977,-0.8605734531100083,1.1321230914173421,0.0,0.0
4,3,2,-0.9705639733473114,1,2,0.5229598510250649,-0.1428442874653383,-0.8605734531100083,0.11654751005926492,0.0,0.0
8,1,3,0.9080309925141961,2,2,0.6654415436522482,0.9117088098379763,0.1404424637114745,1.1321230914173421,0.0,0.0
7,3,0,-0.031266490416557664,0,2,0.42797205594027543,-0.48320618181024827,1.1414583805329575,-0.8990280712988121,0.0,0.0
2,4,3,0.9080309925141961,1,2,-1.3530491018995265,1.1826703695617446,1.1414583805329575,-0.8990280712988121,0.0,0.0
0,3,1,-0.9705639733473114,1,1,0.9029110313642219,-1.0587431812343282,-0.8605734531100083,0.11654751005926492,0.0,0.0
6,3,2,-0.9705639733473114,1,2,-1.1393265629587503,0.7432488347340371,1.1414583805329575,-0.8990280712988121,0.0,0.0
4,3,2,-0.9705639733473114,1,2,-0.996844870331566,0.1940268408398872,-0.8605734531100083,0.11654751005926492,0.0,0.0
4,3,4,-0.9705639733473114,1,1,0.42797205594027543,-1.1510165772483683,-0.8605734531100083,0.11654751005926492,0.0,0.0
6,3,0,-0.9705639733473114,0,2,-0.3794242022804348,-0.9679344422998761,-0.8605734531100083,0.11654751005926492,0.0,0.0
7,3,1,-0.031266490416557664,2,2,0.9029110313642219,-0.5529482697499607,0.1404424637114745,-0.8990280712988121,0.0,0.0
4,3,4,-0.9705639733473114,1,2,0.42797205594027543,-0.8581095722821074,-0.8605734531100083,0.11654751005926492,0.0,0.0
2,3,4,-0.9705639733473114,1,2,-0.04696691948367205,-1.1144001502586698,-0.8605734531100083,1.1321230914173421,0.0,0.0
4,3,1,-0.9705639733473114,1,2,0.6416945948810513,-0.7457947852290391,-0.8605734531100083,0.11654751005926492,0.0,0.0
7,3,3,0.9080309925141961,0,2,0.7129354411946429,0.24284874349281843,-0.8605734531100083,-0.8990280712988121,0.0,0.0
8,1,3,0.9080309925141961,2,2,0.9029110313642219,1.05817451779677,0.1404424637114745,1.1321230914173421,0.0,0.0
4,3,1,-0.031266490416557664,1,2,0.6654415436522482,-0.8214687343410825,-0.8605734531100083,1.1321230914173421,0.0,0.0
0,3,4,-0.9705639733473114,1,1,0.9029110313642219,-1.236454906890998,-0.8605734531100083,0.11654751005926492,0.0,0.0
4,3,4,-1.909861456278065,1,2,0.42797205594027543,-1.0167563449528074,-0.8605734531100083,0.11654751005926492,0.0,0.0
6,3,0,-0.031266490416557664,0,2,0.04802087560111745,-0.5993534882215718,-0.8605734531100083,-0.8990280712988121,0.0,0.0
4,3,3,0.9080309925141961,0,1,0.6654415436522482,0.025566865735948,-0.8605734531100083,1.1321230914173421,0.0,0.0
6,2,4,-1.909861456278065,1,2,-2.017963667493053,-1.431742517502723,-0.8605734531100083,-0.8990280712988121,0.0,0.0
2,3,3,-0.9705639733473114,2,2,0.42797205594027543,-0.18356175427788285,-0.8605734531100083,0.11654751005926492,0.0,0.0
7,3,4,-1.909861456278065,1,2,-1.2343143580435398,-1.3829206148497917,-0.8605734531100083,-0.8990280712988121,0.0,0.0
6,3,3,-0.031266490416557664,0,2,0.40422510716907756,-0.07693471888388115,-0.8605734531100083,1.1321230914173421,0.0,0.0
